Date,technology_sentiment,technology_confidence,technology_count,financial_sentiment,financial_confidence,financial_count,consumer_cyclical_sentiment,consumer_cyclical_confidence,consumer_cyclical_count,healthcare_sentiment,healthcare_confidence,healthcare_count,industrials_sentiment,industrials_confidence,industrials_count
2013-01-07,0.0,0.366408016046553,20,-0.2291799067982096,0.2709783525890683,15,0.0,0.3292333642374028,20,0.0,0.3119489543918517,20,0.0,0.2338342551794632,3
2013-01-14,0.0,0.3718578427820181,20,-0.0844010014334288,0.2601441727437076,20,0.0,0.3547242079401657,20,0.0,0.3228762902132575,20,0.0,0.2249850068880157,1
2013-01-21,0.0,0.3731482322270224,20,-0.3121273339995351,0.2029239155921451,11,0.0,0.3475499293346579,20,0.0,0.3245365348196848,20,0.0,0.218494569201372,2
2013-01-28,0.0,0.3691958891228083,20,-0.1606289973667613,0.2929826254367712,13,0.0,0.3533499643393222,20,0.0,0.3191463147773289,20,0.0,0.2112540786770012,1
2013-02-04,0.0,0.3735239683690782,20,-0.0218945936482209,0.269562626504646,20,0.0,0.3573693274797208,20,0.0,0.3129457487642912,20,0.0,0.2539002960961909,1
2013-02-11,0.0,0.3726959844487122,20,-0.1008497690983497,0.2318252901349147,15,0.0,0.3563322830575581,20,0.0,0.3139187884628147,20,0.0,0.3126613854969524,4
2013-02-18,0.0,0.3722288356439491,20,-0.3475052425408109,0.2418676501396915,19,0.0,0.3574338815648122,20,0.0,0.3023191441942684,20,0.1030665611544393,0.2529568331085489,5
2013-02-25,0.0,0.3672142238512442,20,-0.1665551485093757,0.2158954118809597,16,0.0,0.3454804609265283,20,0.0,0.3227636001463786,20,0.0,0.1193119287092128,2
2013-03-04,0.0,0.3749957205173566,20,-0.0859763114445031,0.2544227094876182,16,0.0,0.3428232102473998,20,0.0,0.3271931599882355,20,0.0,0.2567800722173032,2
2013-03-11,0.0,0.3729121647350206,20,-0.1913022777369389,0.2447928623827308,17,0.0,0.3449858922368524,20,0.0,0.3103716039447998,20,0.0,0.2965968801695586,2
2013-03-18,0.0,0.3711023201275601,20,-0.3871828320153255,0.2614744396739468,7,0.0,0.3532924467946195,20,0.0,0.3050017536912757,20,0.0,0.2253239996400937,2
2013-03-25,0.0,0.368040437160049,20,-0.228725423065286,0.2425745914711688,20,0.0,0.3477863024250487,20,0.0,0.3312590398988811,20,-0.134542879208434,0.2137861973123506,5
2013-04-01,0.0,0.3782071439129242,20,0.0,0.2246004147843395,10,0.0,0.3567877935968125,20,0.0,0.2970581184394982,20,0.0,0.1647028394767809,3
2013-04-08,0.0,0.3743935523526348,20,-0.0961345705967259,0.259047537284615,19,0.0,0.3438625155681739,20,0.0,0.3037303683559146,20,0.0,0.231332701421539,3
2013-04-15,0.0,0.377525096863963,20,-0.0993220314844847,0.2242269429370562,14,0.0,0.3378188461148482,20,0.0,0.2866460258214277,20,0.1827762039139744,0.2735963693879335,4
2013-04-22,0.0,0.3726378973441204,20,-0.1202392031911998,0.1967338938792295,16,0.0,0.3409809695177231,20,0.0,0.3158471837379907,20,0.0,0.246301000333102,3
2013-04-29,0.0,0.3814918203568728,20,-0.1493381869210994,0.2182454498389376,20,0.0,0.3494663591732433,20,0.0,0.314891355284642,20,0.0,0.2275770015691605,4
2013-05-06,0.0,0.3715485568515294,20,-0.134733950464211,0.258625597132247,17,0.0,0.357725724095623,20,0.0,0.3204454540388669,20,0.0,0.1629356193344098,4
2013-05-13,0.0,0.3719031230101429,20,-0.0459767418738191,0.2648714541981414,11,0.0,0.3613647859252021,20,0.0,0.2956172419524646,20,0.0,0.1424707337159348,3
2013-05-20,0.0,0.3722226415301247,20,-0.2115017003266631,0.2630359494987616,18,0.0,0.3593483518732629,20,0.0,0.2878914234573518,20,0.1816624058646549,0.3002799795093125,4
2013-05-27,0.0,0.376363449321644,20,-0.0308594491250333,0.2773713330531148,20,0.0,0.3528082136084004,20,0.0,0.3103573467226213,20,0.0,0.2560669204345345,1
2013-06-03,0.0,0.3717722533103206,20,-0.0296875366134082,0.2412084056549163,15,0.0,0.3546026558883294,20,0.0,0.3013009187113655,20,0.0,0.2444883601750738,4
2013-06-10,0.0,0.3726630219425513,20,-0.1114170064537773,0.1972247463779816,16,0.0,0.3506119765869663,20,0.0,0.2997294892505122,20,0.0,0.0,0
2013-06-17,0.0,0.3740876084032539,20,-0.1859340479560673,0.2496798707052648,18,0.0,0.3455601272826104,20,0.0,0.3022081013730635,20,0.2724408602448155,0.1321635750809398,3
2013-06-24,0.0,0.3796118951215013,20,-0.1560534047178065,0.236748395777775,20,0.0,0.35972946487419,20,0.0,0.3067315368135072,20,0.0,0.1945933054996032,2
2013-07-01,0.0,0.3764403438208671,20,-0.0586325252668357,0.2939507288577804,9,0.0,0.3578787204528274,20,0.0,0.3223545017918328,20,-0.2135788890944479,0.1990190343363639,5
2013-07-08,0.0,0.3748383326404384,20,-0.2560399079962531,0.2235350231664112,16,0.0,0.3409434118282591,20,0.0,0.2898588456912075,20,0.0,0.2741898877563044,3
2013-07-15,0.0,0.3751328017320589,20,-0.0321655190114519,0.2864372376285601,11,0.0,0.3497741320752389,20,0.0,0.3238807445206286,20,0.0,0.2590227270566263,2
2013-07-22,0.0,0.3674760538504888,20,-0.0689767400487612,0.2329073629352743,18,0.0,0.3369621532915232,20,0.0,0.3213308992511625,20,0.0,0.2931814546478684,1
2013-07-29,0.0,0.3742072359148278,20,-0.0991303631132765,0.2736617239242431,12,0.0,0.3642818906609779,20,0.0,0.3081955665098637,20,0.0,0.2180864271552066,6
2013-08-05,0.0,0.3777777546121837,20,-0.1682051566957297,0.258157439673282,16,0.0,0.3606824898543518,20,0.0,0.2848398308144399,20,0.6483275890350342,0.1977589511356896,1
2013-08-12,0.0,0.3733445993627138,20,-0.0655480514693669,0.2827992574707179,19,0.0,0.3521541845558228,20,0.0,0.3060703446907062,20,0.0,0.1654619917844868,4
2013-08-19,0.0,0.3754169171386962,20,-0.07618334613822,0.2136290065980148,19,0.0,0.3452661742212196,20,0.0,0.2932735207276867,20,0.0,0.246474018678342,2
2013-08-26,0.0,0.3801722320762242,20,-0.2053487106135262,0.2279911119239397,17,0.0,0.3658814186545071,20,0.0,0.307534885452455,20,0.0,0.2314272439002476,2
2013-09-02,0.0,0.3702683471577868,20,-0.1475386241369061,0.2489937744481831,20,0.0,0.348158152421266,20,0.0,0.3365360900518643,20,-0.2571217732029522,0.2196927595403268,2
2013-09-09,0.0,0.3736869033732601,20,-0.0913192014234622,0.2679317728746529,19,0.0,0.344659307175807,20,0.0,0.2823949363176956,20,0.0,0.1889757998635062,1
2013-09-16,0.0,0.3722497076723171,20,-0.1185006244853862,0.2931659164876627,12,0.0,0.3530209356391627,20,0.0,0.2842589485370408,20,0.0,0.2210503333513031,5
2013-09-23,0.0,0.3698428003232418,20,-0.0851129427456196,0.2469871613052051,14,0.0,0.3344813766174502,20,0.0,0.2867001947872827,20,0.1458826534555984,0.1955945976718661,3
2013-09-30,0.0,0.3687793070013747,20,-0.1911377259711953,0.2425028160201573,16,0.0,0.3557352300667775,20,0.0,0.3083588456808439,20,0.0,0.2154561107021364,2
2013-10-07,0.0,0.3729187498395482,20,-0.1686527844337233,0.2404662053874087,15,0.0,0.3552974634614785,20,0.0,0.3238603497451886,20,0.0,0.2282307759488335,2
2013-10-14,0.0,0.379119064795867,20,-0.1488676194901805,0.2672747018109538,12,0.0,0.3430234276564947,20,0.0,0.3228371957372314,20,0.0,0.114677343750309,2
2013-10-21,0.0,0.3738290151146103,20,-0.0397924592764254,0.2562716827870755,14,0.0,0.3492369156992567,20,0.0,0.2942583908214923,20,0.0,0.2584067261312348,3
2013-10-28,0.0,0.3721520986922944,20,-0.1690545010049375,0.2238375943293274,15,0.0,0.3543056823944594,20,0.0,0.2959316878383481,20,0.0,0.1901674864749081,1
2013-11-04,0.0,0.3717956463576818,20,-0.1312925493834045,0.2293955041446113,11,0.0,0.3405998360041503,20,0.0,0.3022548949390519,20,-0.1478834936240594,0.2281092948173202,4
2013-11-11,0.0,0.3762219526108622,20,-0.240818745057339,0.2595056929265619,13,0.0,0.3616601068942116,20,0.0,0.3242994593573906,20,0.0,0.1728568517390236,4
2013-11-18,0.0,0.3748619362092607,20,-0.1273981383827514,0.2533355091826091,12,0.0,0.3454869622217364,20,0.0,0.3155525313954886,20,0.0599716716846275,0.2206982057783182,9
2013-11-25,0.0,0.3683723365699524,20,-0.1811340843491133,0.2552127325087157,8,0.0,0.3590189202721526,20,0.0,0.3231111248708737,20,-0.3051596351738047,0.2098416227403916,2
2013-12-02,0.0,0.369345036369738,20,-0.114432512899606,0.2610849032013349,17,0.0,0.3602391636660308,20,0.0,0.3220831933542053,20,0.0,0.2809448028084252,3
2013-12-09,0.0,0.3756945217226062,20,-0.1592293847617665,0.2662938973464914,10,0.0,0.3593407513394169,20,0.0,0.3171524093156307,20,-0.0658930988524445,0.2541615742886851,8
2013-12-16,0.0,0.3709084595793626,20,-0.2642664498932291,0.2455409562934711,11,0.0,0.340074538974943,20,0.0,0.32822148162833,20,-0.1386538055683087,0.2276085208128258,4
2013-12-23,0.0,0.3705794586740871,20,-0.248233671400258,0.2433977012301632,10,0.0,0.3519957017223915,20,0.0,0.3239408464672338,20,0.0,0.234106295651537,3
2013-12-30,0.0,0.3677789385558158,20,-0.1678931305390775,0.2364159348239766,20,0.0,0.3461941533620012,20,0.0,0.3120803835823391,20,0.0,0.2570808680108198,2
2014-01-06,0.0,0.3690558040501348,20,0.0,0.2350699843192726,11,0.0,0.3187139395461639,20,0.0,0.3097746091280907,20,-0.0961795704156397,0.1994575881307199,7
2014-01-13,0.0,0.3733427843916421,20,-0.1920390837845745,0.2323514515319599,9,0.0,0.3258860231322725,20,0.0,0.2954978965251048,20,0.0,0.2255221646589373,4
2014-01-20,0.0,0.3718445886981009,20,-0.2172962721942503,0.2124597033827087,16,0.0,0.3525016860908631,20,0.0,0.324769635171089,20,0.0,0.1899209819173517,3
2014-01-27,0.0,0.3656518242144895,20,-0.2786709663904441,0.2326255971322308,9,0.0,0.3448126870233756,20,0.0,0.3225049618992456,20,0.0,0.2601680183291517,3
2014-02-03,0.0,0.3734621489668798,20,-0.2053414988879783,0.2171726558838363,15,0.0,0.3443776980209797,20,0.0,0.3133204490794756,20,0.0,0.255223200362779,6
2014-02-10,0.0,0.3713825936053794,20,-0.0937622413910012,0.2540209488952939,15,0.0,0.3356829555738643,20,0.0,0.3141509503475497,20,-0.0844136330663415,0.2655390081155414,5
2014-02-17,0.0,0.3748457910748296,20,-0.2182664315106033,0.2598132112969155,7,0.0,0.3263234644361655,20,0.0,0.2925494745454799,20,0.0,0.2035788284216888,1
2014-02-24,0.0,0.3731341119897561,20,-0.2029040138049639,0.2312624543931726,12,0.0,0.3403230123028889,20,0.0,0.3041040147156028,20,0.0,0.1931587362011502,4
2014-03-03,0.0,0.3726538014387487,20,-0.3134270933399839,0.2775368539177597,11,0.0,0.3312025405275843,20,0.0,0.3113798607096265,20,0.0,0.0,0
2014-03-10,0.0,0.3708756347741778,20,-0.1252056371117504,0.2197799547939514,20,0.0,0.3410538876035621,20,0.0,0.2888801688653666,20,0.0,0.1654131766443122,3
2014-03-17,0.0,0.3727527586514547,20,-0.1384163549086075,0.2553331150577119,9,0.0,0.3567442801197918,20,0.0,0.3349916553079935,20,0.0,0.2753879948369886,4
2014-03-24,0.0,0.3751017519108872,20,-0.3470724887403507,0.2633758499547262,9,0.0,0.3422148490359823,20,0.0,0.3071673258897253,20,0.0,0.3077495147844216,2
2014-03-31,0.0,0.3757144041462,20,-0.1885972463698359,0.2173711203845318,18,0.0,0.3293191278311553,20,0.0,0.3173307446170016,20,0.0,0.0,0
2014-04-07,0.0,0.3689060254669217,20,-0.1732177969414133,0.2354331790145758,15,0.0,0.3318416256022608,20,0.0,0.3322988698040426,20,0.0,0.223223877520116,3
2014-04-14,0.0,0.3682773697484489,20,-0.4036441824646898,0.2185018099461337,12,0.0,0.3335597399908906,20,0.0,0.3205868322988859,20,0.0,0.2736331683473083,4
2014-04-21,0.0,0.3692321832059456,20,-0.0834504455225479,0.2558146937314233,20,0.0,0.3448291617963581,20,0.0,0.3186019745483061,20,0.1401079662496046,0.2495996634697532,7
2014-04-28,0.0,0.352254599658283,20,-0.034583094394922,0.2536252190040408,20,0.0,0.3317455167644538,20,0.0,0.3318743046534708,20,0.0,0.2251074719477115,4
2014-05-05,0.0,0.374223158218127,20,-0.1128941079482115,0.2346341694276998,19,0.0,0.3220960192997769,20,0.0,0.3394231235310879,20,-0.1098695622427928,0.1757729344684813,6
2014-05-12,0.0,0.3591263883618821,20,-0.0310411492325786,0.2381491804093534,20,0.0,0.3341099848369229,20,0.0,0.319312567824113,20,0.239661129342494,0.2130165530726963,7
2014-05-19,0.0,0.359345548354153,20,-0.0327403422767687,0.2247795682132385,20,0.0,0.3238326721488582,20,0.0,0.3205006485613514,20,0.0,0.2629213169144122,3
2014-05-26,0.0,0.3670562977258241,20,-0.0845833677931182,0.2273700997574622,20,0.0,0.3099658402917149,20,0.0,0.3169454722435881,20,0.1055388907634897,0.2430685992681221,5
2014-06-02,0.0,0.3580947127521148,20,-0.1304128714572452,0.2070857391318588,20,0.0,0.3320445716006695,20,0.0,0.333997278008492,20,0.0870153236656794,0.2249693486130401,6
2014-06-09,0.0,0.3666801605946826,20,-0.0288398212478863,0.2474632271231778,20,0.0,0.316347165975659,20,0.0,0.3272654700241791,20,0.0,0.2465486838111163,7
2014-06-16,0.0,0.3583180318143603,20,-0.0589018463184304,0.2220398661609031,20,0.0,0.3523939431971845,20,0.0,0.3350277984933523,20,0.0,0.2080860259036411,3
2014-06-23,0.0,0.3559497734823185,20,-0.0340497206373289,0.2568180788716237,20,0.0,0.3333938551904374,20,0.0,0.3134886837389667,20,0.0,0.2202694790817405,6
2014-06-30,0.0,0.3542861619731197,20,-0.0415960837388564,0.2192879343490772,20,0.0,0.3266914577248923,20,0.0,0.3364639905277419,20,0.0,0.208812638777554,11
2014-07-07,0.0,0.3589046464934223,20,-0.1170705012601075,0.1780473329076926,20,0.0,0.3412383014245403,20,0.0,0.3456543720986225,20,0.0,0.2938567428581902,6
2014-07-14,0.0,0.359394490871126,20,-0.0375298242687674,0.2294588857896696,20,0.0,0.3015542196513052,20,0.0,0.3150370196602066,20,0.214635365563802,0.2201121504499346,6
2014-07-21,0.0,0.3590347390351642,20,-0.0860901068571462,0.1938319023575488,20,0.0,0.3008943996806963,20,0.0,0.3340597949892817,20,-0.0468906091273844,0.2225134940336661,7
2014-07-28,0.0,0.3659240483669479,20,0.0,0.2408152372839652,20,0.0,0.3389775996976721,20,0.0,0.3285015888123651,20,0.0558218670861875,0.1989412843537735,9
2014-08-04,0.0,0.3630535144017734,20,-0.0657630797513235,0.2216627191813835,20,0.0,0.348535794377731,20,0.0,0.3353546875535776,20,0.0,0.2656316914393466,4
2014-08-11,0.0,0.3556042246948846,20,-0.1654580877513847,0.2120713334533989,19,0.0,0.3316151261208263,20,0.0,0.3202206118725809,20,0.0,0.1802950875077318,2
2014-08-18,0.0,0.3565611620946999,20,-0.0541211924941855,0.2471360885208705,20,0.0,0.2780671790956062,20,0.0,0.3165267024110491,20,0.0,0.2165442337027749,7
2014-08-25,0.0,0.3627201295796619,20,-0.026305092328871,0.2050553349340749,20,0.0,0.3333500851672798,20,0.0,0.3157937929543004,20,0.0,0.1986675179755891,7
2014-09-01,0.0,0.3577760834705236,20,-0.1920317633147927,0.19197944455687,20,0.0,0.3230895321518793,20,0.0,0.3170219544996109,20,0.0699392249985346,0.2073490189605483,6
2014-09-08,0.0,0.3588712975811545,20,-0.036793024699197,0.237195134700206,20,0.0,0.3217627218120796,20,0.0,0.3226705102127551,20,0.0,0.2387242764744792,4
2014-09-15,0.0,0.36238236453911,20,-0.1309538366254998,0.2269516970400051,20,0.0,0.341854549126205,20,0.0,0.3208573389823677,20,0.0,0.1831397473920152,3
2014-09-22,0.0,0.3640216964359756,20,-0.0254545448774017,0.2178434514620244,20,0.0,0.306179553505142,20,0.0,0.3327273087819965,20,0.0,0.2082299511363212,7
2014-09-29,0.0,0.3635045096954731,20,-0.0602429372067272,0.2068096819144337,20,0.0,0.3216516434257712,20,0.0,0.3248213585383381,20,0.0459714374602453,0.2678838192137606,5
2014-10-06,0.0,0.3573569777774418,20,-0.1098164417149574,0.1790998963091117,16,0.0,0.301871522992174,20,0.0,0.34033132854663,20,0.0,0.0956664880293844,2
2014-10-13,0.0,0.3598359681744053,20,-0.0702219660979206,0.2238230109829599,20,0.0,0.3241928889527465,20,0.0,0.3263983367144566,20,0.0,0.199233672678821,5
2014-10-20,0.0,0.3603699447827247,20,-0.2775486465249426,0.2275267409290054,16,0.0,0.2906385038353618,20,0.0,0.3098296186474665,20,0.0,0.2019182890367939,6
2014-10-27,0.0,0.3653058144483744,20,-0.2452173224681432,0.2276979908030918,19,0.0,0.3026174996736769,20,0.0,0.3385540993117746,20,0.0,0.1833571728606156,3
2014-11-03,0.0,0.3571118347596205,20,-0.1416903455893519,0.21673515177808,20,0.0,0.3185952290751649,20,0.0,0.3157572894300192,20,0.0,0.2492559588310306,6
2014-11-10,0.0,0.365921769643217,20,-0.1316809639228468,0.2384569940004872,20,0.0,0.3069392396011185,20,0.0,0.3238034947663841,20,0.0,0.2205985042592857,7
2014-11-17,0.0,0.3607700827985513,20,-0.131250898867428,0.1972364155026009,20,0.0,0.2818745221521024,20,0.0,0.3269849331257456,20,0.0,0.2547448811171445,3
2014-11-24,0.0,0.3620470372816934,20,-0.1080447053577493,0.2396740991870596,20,0.0,0.3028302862137201,20,0.0,0.3317329819844861,20,0.1479594119270032,0.2536168484853903,5
2014-12-01,0.0,0.3643098542539145,20,-0.0658849275532803,0.2430353142615087,20,0.0,0.3536545236951323,20,0.0,0.3060565184326595,20,0.0,0.1881679887722747,1
2014-12-08,0.0,0.365418502028532,20,-0.0291693753462896,0.2034696231732969,20,0.0,0.2786095842803817,20,0.0,0.3391965857038445,20,0.0,0.2565317398982602,7
2014-12-15,0.0,0.3668136585017165,20,0.0,0.2293779016240997,20,0.0,0.3259751200171565,20,0.0,0.3116541618980237,20,0.0,0.2183895818954787,6
2014-12-22,0.0,0.357610824002452,20,-0.2365015772620282,0.2003370962893755,11,0.0,0.3291136923599933,20,0.0,0.3327177862957899,20,0.0,0.1873041369502255,4
2014-12-29,0.0,0.3584486681799042,20,0.0,0.2692366618360389,20,0.0,0.310608724738413,20,0.0,0.3355889823353264,20,-0.0879941455272183,0.1719662899482337,5
2015-01-05,0.0,0.3639158392501743,20,-0.1402948473142206,0.1951835600456544,20,0.0,0.3135499478474154,20,0.0,0.3257593585842963,20,0.0498198295086292,0.2096092041403335,9
2015-01-12,0.0,0.365196898939351,20,-0.1410808651908161,0.2355329676884126,20,0.0,0.3338205527219254,20,0.0,0.3170273395531081,20,0.0741395635325102,0.2122022938443488,8
2015-01-19,0.0,0.3567576711392093,20,-0.2316147327333664,0.2389383978872502,20,0.0,0.3178132171267821,20,0.0,0.2890991023201031,20,0.0,0.138642307388813,1
2015-01-26,0.0,0.3662713583038662,20,-0.0981711840854061,0.203108711100779,20,0.0,0.325373135641202,20,0.0,0.3332331553574479,20,0.0,0.2139135862674063,8
2015-02-02,0.0,0.3579017602569277,20,-0.1236268817400396,0.2297850190106703,20,0.0,0.3484024239270336,20,0.0,0.3271077800447209,20,0.0,0.1924010455450651,4
2015-02-09,0.0,0.3660763371516117,20,-0.1409179095968786,0.2133096636872919,18,0.0,0.2843470244248381,18,0.0,0.3361211605871284,20,0.0,0.2273104307024339,7
2015-02-16,0.0,0.3588949348817677,20,-0.1226437082915608,0.2293473309510821,18,0.0,0.3143244722824015,20,0.0,0.3273966583406908,20,0.0,0.1998081299572351,5
2015-02-23,0.0,0.3666818789493677,20,-0.0908971665034342,0.2521385968343487,18,0.0,0.322781501336267,20,0.0,0.3269803041934243,20,0.0,0.2315433601417487,2
2015-03-02,0.0,0.3641428441475043,20,-0.1221931620549456,0.2288265827601519,16,0.0,0.262486090876985,20,0.0,0.3260903679950553,20,0.0,0.1663413445900086,2
2015-03-09,0.0,0.3656548923063226,20,-0.1074543645567669,0.2087931339906295,20,0.0385638431272389,0.2664180888977755,20,0.0,0.2893115432711324,20,0.0,0.212261474143166,6
2015-03-16,0.0,0.3689000754601402,20,0.0,0.2308171914798899,20,0.0198841711563184,0.2900582593613521,20,0.0,0.3267659486044422,20,0.0,0.192094009166465,7
2015-03-23,0.0,0.3623156040051553,20,-0.0251206281044016,0.2624770928613039,20,0.0,0.3110761303833824,20,0.0,0.3200558540226545,20,0.101998099344793,0.2070183161729248,5
2015-03-30,0.0,0.3637803787285496,20,-0.0765451105136647,0.2314153233003292,20,0.0,0.3092961158210434,20,0.0,0.3329361171245518,20,0.0,0.2598224523587748,7
2015-04-06,0.0,0.3672630972040591,20,-0.1316482697180183,0.2551923122383676,20,0.0,0.3001910452410935,20,0.0,0.3098353871675544,20,0.3205782844226268,0.1976094777056018,3
2015-04-13,0.0,0.3640119915775013,20,-0.1675539973164035,0.2359651896750897,20,0.0,0.2872329998767012,20,0.0,0.3221184745775667,20,0.2109454919376956,0.1564462311353036,4
2015-04-20,0.0,0.364756081939823,20,-0.0696397129456873,0.2022289110393773,20,0.0,0.336938551730098,20,0.0,0.3269169513202558,20,0.0,0.2332726825858052,9
2015-04-27,0.0,0.3610727332103017,20,-0.0817237666647397,0.1961897077784836,20,0.0,0.2624783714888029,20,0.0,0.3205835085505509,20,-0.0396868700566047,0.2467588028156282,8
2015-05-04,0.0,0.3607091436923557,20,-0.0525131891036268,0.20077601077297,17,0.0,0.3042075076130024,20,0.0,0.3054004115346802,20,0.0687646954819828,0.1944873683931308,7
2015-05-11,0.0,0.3578543063190918,20,-0.0667697149225032,0.2083748989942169,10,0.0,0.317809749239565,20,0.0,0.3281776460099535,20,0.0,0.2085790524264927,4
2015-05-18,0.0,0.3661981745882431,20,-0.1075685187945126,0.1912238768078852,20,0.0,0.3091536202138763,20,0.0,0.3220946831238087,20,0.0,0.2708759335810136,7
2015-05-25,0.0,0.3692320570739861,20,-0.2029354569651947,0.2351467751412242,20,0.0,0.3238670199013097,20,0.0,0.3255782458372308,20,0.0485137218761207,0.1978111838526159,13
2015-06-01,0.0,0.3640432164232791,20,-0.0836018782514449,0.2378746971334932,20,0.0,0.3454171502881052,20,0.0,0.3173038435480586,20,-0.1047276569265447,0.2126687183623137,7
2015-06-08,0.0,0.3601851577704258,20,-0.1065139692849617,0.1988032329784914,16,0.0,0.2967372876398976,20,0.0,0.3360032146775862,20,0.2985821777401745,0.2486459396654368,5
2015-06-15,0.0,0.3652069956633975,20,-0.2132822387148821,0.2246852370237526,20,0.0,0.2825230053815157,20,0.0,0.320154723511295,20,0.0,0.2239342662581404,11
2015-06-22,0.0,0.3613471575317381,20,-0.1292201180055469,0.2430325487986946,10,0.0,0.2962534897797076,20,0.0,0.3019210720987293,20,0.0,0.2436329986278682,5
2015-06-29,0.0,0.3598205089807882,20,-0.1999693693477384,0.2315901991195022,16,0.0,0.3353517192372982,20,0.0,0.3109233110064613,20,0.0,0.2416686987992355,4
2015-07-06,0.0,0.3654847297085701,20,-0.0570171669261056,0.2222519749094448,20,0.0,0.3065431793205588,20,0.0,0.319580699382468,20,0.1138458724229935,0.2302320461654639,4
2015-07-13,0.0,0.3574088503032582,20,-0.1610948964515841,0.230699517330516,20,-0.0346243116228467,0.3079564598448898,15,0.0,0.2936902356507914,20,0.0,0.209945493826507,4
2015-07-20,0.0,0.3627719828243336,20,-0.1479442158227118,0.1903525533295335,12,0.0,0.2666786377215772,20,0.0,0.2667653506012402,20,0.0,0.1888177752227762,8
2015-07-27,0.0,0.3555851120573842,20,-0.1119823155294004,0.2079251266232216,19,-0.036766250483614,0.225882822736613,19,0.0,0.2933851087329824,20,-0.1938071959997021,0.1462839594568302,3
2015-08-03,0.0,0.3614486899059284,20,-0.2065686204609421,0.1948114188824678,20,0.0224765453610259,0.274831583987317,19,0.0,0.2937382433481613,20,0.0,0.2496369320902435,3
2015-08-10,0.0,0.3534760702732947,20,-0.1699607110714192,0.2009667784785307,20,-0.0268909116893623,0.2636957995620025,20,0.0,0.2937588974289773,20,-0.0079352583549213,0.239721969580802,3
2015-08-17,0.0,0.3492925530733601,20,-0.2455798983225986,0.2150036705342114,20,0.0,0.296665691576193,20,0.0,0.2776447202332995,20,0.1752317250951482,0.2662633043207589,6
2015-08-24,0.0,0.3561298440338666,20,-0.0678597180361649,0.1741300889478106,15,-0.0277852339494939,0.2398634981257617,19,0.0,0.2700925359019518,20,0.0,0.2215437057112378,5
2015-08-31,0.0,0.3479306837588975,20,-0.2726274501427908,0.1859651691485727,14,0.0,0.2671997053229727,20,0.0,0.3122131939307537,20,0.0,0.1861228057300167,6
2015-09-07,0.0,0.3527173459321765,20,-0.1755723118698733,0.2029804398839921,20,0.0,0.2640830850299037,20,0.0,0.3025933887777071,20,0.0,0.2194495647889386,7
2015-09-14,0.0,0.3552195018864321,20,-0.1585819505623501,0.2243929671497121,14,-0.024728896464221,0.2840652087447425,15,0.0,0.301943485731775,20,-0.0984169631481063,0.2150049062283816,3
2015-09-21,0.0,0.3471934471822474,20,-0.292429306710713,0.2218256845248459,13,0.0,0.2283489498317835,17,0.0,0.2938742508471653,20,0.2329667482579496,0.2950300919169635,5
2015-09-28,0.0,0.3527601596011413,20,-0.099676631690776,0.2155249654875537,20,0.0,0.2996251253029439,20,0.0,0.3166561833421888,20,0.7167648929418999,0.265410111234166,2
2015-10-05,0.0,0.3454018271500503,20,-0.3109011634596288,0.1860159388086815,20,0.0,0.3074843722409859,20,0.0,0.2963375361940314,20,0.0,0.2124295589060274,2
2015-10-12,0.0,0.3526940302107886,20,-0.1828542132097785,0.1918299962072715,15,0.0,0.3159564021735714,20,0.0,0.2845562762950647,20,0.0,0.2085800187930061,5
2015-10-19,0.0,0.3608190735678792,20,-0.2648736941244651,0.2224508794235106,19,0.0,0.3020917184593966,20,0.0,0.311893548234687,20,0.1264896598656737,0.231503356016716,9
2015-10-26,0.0,0.3549047539980314,20,-0.1262644411483259,0.2196496386777946,20,0.0,0.3305286367533003,20,0.0,0.2883837909726344,20,0.0226825579140225,0.207542607523127,7
2015-11-02,0.0,0.3600814366505177,20,-0.1484148718449475,0.2514865030857621,20,0.0,0.3063798029890091,20,0.0,0.2945479414914149,20,0.134821462120242,0.235473440252985,5
2015-11-09,0.0,0.352602298350683,20,-0.2833109054975226,0.1901478711297654,20,-0.028551878168451,0.2640311613934135,20,0.0,0.3095243237500208,20,0.0,0.2293712078828454,5
2015-11-16,0.0,0.3574670174257505,20,-0.1921952249891007,0.1909220971149481,20,0.0,0.3231882739491635,20,0.0,0.2933022134943919,20,0.0,0.1948010754034452,3
2015-11-23,0.0,0.3531575378535205,20,-0.0781696526327025,0.1939264088135702,20,0.0,0.319087863683954,20,0.0,0.2851774656422795,20,-0.0056249049585923,0.2057317613318365,12
2015-11-30,0.0,0.3574656475756794,20,-0.2016617054270178,0.2223847568988673,17,0.0,0.3230368309802983,20,0.0,0.2961860496642779,20,0.0,0.1830084949072935,5
2015-12-07,0.0,0.3492439560026978,20,-0.2081480738102429,0.2039532469870809,17,0.0,0.2998140668274572,20,0.0,0.2779432352120478,20,0.0,0.208143199153921,5
2015-12-14,0.0,0.3639502390403741,20,-0.1882320793396687,0.2265256209278279,18,0.0,0.3108353386982639,20,0.0,0.278222067918709,20,0.0,0.2372580795248997,4
2015-12-21,0.0,0.3623629788203322,20,-0.110706759901586,0.1937847155188627,20,0.0,0.3278571186731424,20,0.0,0.3102056818321085,20,0.0658517275124539,0.2353911011011075,6
2015-12-28,0.0,0.3611966660965109,20,-0.1358795091009899,0.2152748241343687,20,0.0,0.3205760338173068,20,0.0,0.2619132745446027,20,-0.2547820228913442,0.2094115337019819,4
2016-01-04,0.0,0.3539706543004072,20,-0.0853383473698877,0.2027552799534225,20,0.0,0.2904568177273002,20,0.0,0.2986076344139781,20,0.2548951513075007,0.2273825192440342,3
2016-01-04,0.0,0.3572756757159132,20,-0.0971922889149224,0.1965204951005978,20,0.0174254310455629,0.2799067710263527,19,0.0,0.3131373112611711,20,0.0,0.165849746779913,5
2016-01-11,0.0,0.3492863629231471,20,-0.2160219901032972,0.2122162406169453,14,0.0,0.3053438785079351,20,0.0,0.2703483623760692,20,0.0,0.2540667075289322,4
2016-01-18,0.0,0.3576735685555873,20,-0.1439105040553038,0.1853367823697747,13,0.0,0.308632573584384,20,0.0,0.297205756023543,20,0.0,0.2603598025061515,2
2016-01-25,0.0,0.3489921701741394,20,-0.0800710736869951,0.2027467901733772,20,0.0,0.3128745708553135,20,0.0,0.2844396112931119,20,0.0,0.2379170005746362,4
2016-02-01,0.0,0.3532880837616076,20,-0.1858719731119228,0.2212262555148957,20,0.0,0.3209770564413524,20,0.0,0.2926008288997452,20,0.0,0.1587756188170548,2
2016-02-08,0.0,0.3548582709156814,20,0.0,0.2251854795920615,20,0.0,0.3237412027151811,20,0.0,0.3106538124716462,20,0.0,0.1992662755844554,5
2016-02-15,0.0,0.3475266837067539,20,-0.0316827430442264,0.2316904372406261,20,0.0,0.3049984101432457,20,0.0,0.3049105355730456,20,-0.0284705906018653,0.1982729464903491,6
2016-02-22,0.0,0.3576783636171938,20,-0.1242845150830847,0.2124521856273749,20,0.0,0.3341828905224773,20,0.0,0.304592722931375,20,0.0,0.2307587402006028,4
2016-02-29,0.0,0.3473816508593276,20,-0.0700528014381677,0.2286401377784465,20,0.0,0.3265060182622134,20,0.0,0.2739366061617894,20,0.0,0.1963700876126278,5
2016-03-07,0.0,0.3554280923583557,20,-0.0327482684764463,0.211440888686781,20,0.0,0.2981764679962088,20,0.0,0.2881348317061481,20,-0.1733736696930117,0.1683725972336193,8
2016-03-14,0.0,0.357567762332729,20,-0.029905633174813,0.1940171310648366,20,0.0,0.3070843427367965,20,0.0,0.2597612564867083,20,-0.05222849458701,0.1998736403688163,12
2016-03-21,0.0,0.3530841405651703,20,-0.3398273247078803,0.2210704325007523,16,0.0,0.3154705571932852,20,0.0,0.292918450115772,20,0.0,0.2193051274508255,9
2016-03-28,0.0,0.3537221468483776,20,-0.221301781553787,0.1821722871173544,15,0.0,0.2617683265402456,18,0.0,0.2694586091544499,20,0.0,0.2470825651697712,6
2016-04-04,0.0,0.3540130694580056,20,-0.2121566427109013,0.1951413512211436,20,0.0,0.3132076432914519,20,0.0,0.2831853725996184,20,0.0,0.1770871968229282,6
2016-04-11,0.0,0.3563597543874692,20,-0.2407822280601365,0.2300464136024823,16,-0.0127885227792882,0.2670774591913875,18,0.0,0.3050476427589402,20,0.1643961462829337,0.1796075134252827,7
2016-04-18,0.0,0.3494032726953005,20,-0.2341854455969383,0.1674326583186019,16,0.0,0.3212658757140919,20,0.0,0.2857240693161669,20,0.2114059396115192,0.2140361347335482,4
2016-04-25,0.0,0.3516288684707359,20,-0.1251436743469721,0.1967978077489353,20,0.0,0.3235606734340123,20,0.0,0.2951370326649974,20,0.0,0.2348056474420716,4
2016-05-02,0.0,0.3553294589796412,20,-0.190441128589424,0.2087400659530081,20,0.0,0.2684448985331266,20,0.0,0.2933788419165198,20,0.0,0.188304817480898,5
2016-05-09,0.0,0.3481518281337529,20,-0.1629234556379706,0.2126542139004429,17,-0.0423141955341071,0.2950228901730783,20,0.0,0.2949032324526014,20,-0.1236022485629283,0.2131296825503048,4
2016-05-16,0.0,0.3543816800207929,20,-0.1386919102345961,0.2223284188084023,11,0.0,0.3209236815710811,20,0.0,0.3091186687326265,20,-0.1614933492333215,0.2461352593987311,4
2016-05-23,0.0,0.3444760550211197,20,-0.156644917535616,0.2056053968648194,20,0.0191089952464752,0.2864401602943239,20,0.0,0.2765763887812197,20,0.0,0.2228907491701168,4
2016-05-30,0.0,0.3577847623936171,20,-0.0879760546965057,0.1798419040312194,12,0.0,0.3015580602297156,20,0.0,0.2852257764092722,20,0.0,0.3417899315567263,2
2016-06-06,0.0,0.3565427943690122,20,-0.1727514565654685,0.1975534904729204,19,0.0,0.316478402122,20,0.0,0.2736380002390558,20,0.0,0.2080811185292574,1
2016-06-13,0.0,0.3554392671958243,20,-0.1408694882290399,0.200293529962635,18,0.0,0.2941156712817662,20,0.0,0.2924973691968985,20,0.0,0.2066456134121595,3
2016-06-20,0.0,0.3580801160599884,20,-0.1770037961083795,0.206181821913468,20,0.0,0.3014564519058398,20,0.0,0.2879099526411893,20,0.0,0.2124882207855756,4
2016-06-27,0.0,0.3445102259593663,20,-0.0859785423562745,0.1745994783456532,16,0.0,0.2634481357848062,20,0.0,0.2785069609054366,20,0.0,0.2277772539423113,4
2016-07-04,0.0,0.3424921958849166,20,-0.3409614255060318,0.2038913075035507,19,0.0,0.2852312025161169,20,0.0,0.2915945699108239,20,0.0,0.2058788552212286,8
2016-07-11,0.0,0.346823568611128,20,-0.2544526596595914,0.2230044403215441,20,0.0,0.2877081879145117,20,0.0,0.2338170428891757,20,0.0,0.1737640401297078,3
2016-07-18,0.0,0.3558976785429744,20,-0.2828174633324668,0.201396495170465,20,0.0,0.3210898814744879,20,0.0,0.2865691061514307,20,0.0,0.2737323396524873,6
2016-07-25,0.0,0.3516271582674193,20,-0.2609725031853868,0.2236001262593069,20,0.0,0.3037706606275888,20,0.0,0.2828979689830708,20,0.0,0.1505739124194036,1
2016-08-01,0.0,0.3525052442662864,20,-0.1935718567356794,0.208631050409997,18,0.0214169062639217,0.2920013491363007,20,0.0,0.3045498160566317,20,0.0488342921472658,0.2221683271685931,8
2016-08-08,0.0,0.3447486062145688,20,-0.2869736572555569,0.2125719799113282,13,0.0,0.2697192947776495,20,0.0,0.2462541209594714,20,0.1432181444408469,0.2121211295368465,6
2016-08-15,0.0,0.351268922271658,20,-0.1670341163513497,0.2257092860906072,20,0.0378869013757365,0.2386481968368626,18,0.0,0.3022233967411014,20,0.0,0.1787680624899321,2
2016-08-22,0.0,0.3555266842050028,20,-0.1539514905137144,0.2112758433276461,18,0.0339621448739551,0.2636097685410811,20,0.0,0.2696415773623119,20,0.0,0.2628195933348394,2
2016-08-29,0.0,0.3474598078969277,20,-0.1709038684044523,0.1907407573802068,18,0.0617946543967845,0.2307900187250345,16,0.0,0.2722363992526194,20,0.0,0.2179871456233257,7
2016-09-05,0.0,0.3553757840682422,20,-0.2253298656243413,0.2183312038437305,11,-0.0253547599288827,0.2790227082052492,16,0.0,0.3054175687541681,20,0.1910761868452948,0.2075898584944058,4
2016-09-12,0.0,0.3488933434530281,20,-0.3144846686258516,0.211816641063835,14,0.0,0.3043971027966639,20,0.0,0.2923641018722756,20,0.0,0.1857583563602599,3
2016-09-19,0.0,0.3564898593191361,20,-0.1247931954170845,0.2394564394624944,20,0.0296059377422901,0.2368186832872478,20,0.0,0.2827134723939001,20,-0.1472976786542958,0.2288800900029472,6
2016-09-26,0.0,0.3569662342008014,20,-0.3546689840878997,0.1803676762870989,14,0.0,0.2858425176189816,20,0.0,0.2884013045580404,20,-0.2876059696177429,0.1279000533237013,2
2016-10-03,0.0,0.3510888951789696,20,-0.243841230060215,0.2008461941628326,20,-0.0366464125116597,0.2816246556350434,12,0.0,0.2679192324543275,20,0.0,0.2103611134114826,4
2016-10-10,0.0,0.3504015674470605,20,-0.3415694322352396,0.230947424444446,19,0.0372395415164479,0.2371628966040943,12,0.0,0.2841380562915304,20,0.0785558262615812,0.2223533581700076,6
2016-10-17,0.0,0.3512054718561535,20,-0.151829926283409,0.199638920323902,20,0.0,0.2453890437429348,20,0.0,0.2864560269430122,20,-0.3463481589360597,0.166727892943399,4
2016-10-24,0.0,0.3506139553421605,20,-0.2335940496485996,0.2174217745103195,20,0.0,0.2571382567650578,20,0.0,0.283870963026062,20,0.0,0.1681169088996741,6
2016-10-31,0.0,0.3522435495990034,20,-0.3666060898769791,0.2049506585010953,11,-0.0289650848439699,0.2437433903502529,20,0.0,0.3144009947689287,20,0.0,0.1908101250628092,5
2016-11-07,0.0,0.3446403179557863,20,-0.2000416650896316,0.1857559887334579,16,0.0,0.2334428870743586,13,0.0,0.2887549974643077,20,0.0897038265560725,0.1996263613916465,6
2016-11-14,0.0,0.3474369877778948,20,-0.30117299629129,0.2244953163821783,18,-0.0181874580462454,0.2445947159022985,16,0.0,0.2804350886255432,20,0.1226480575825676,0.1886253091218955,6
2016-11-21,0.0,0.3464112685524528,20,-0.1817833875178917,0.1850765303515543,12,0.0,0.2937082774406341,20,0.0,0.2945352474716685,20,-0.0770472331853535,0.2276058260191054,6
2016-11-28,0.0,0.3509792807431374,20,-0.2109138908667601,0.193478788047434,17,0.0,0.2894523158662955,20,0.0,0.3100906280544717,20,0.1864017147497037,0.2455576549551029,5
2016-12-05,0.0,0.3475368817881127,20,-0.2417784488913943,0.1997340546621508,16,0.0,0.2791346527853774,19,0.0,0.2803887219569675,20,-0.1317589094567521,0.2212176644157281,7
2016-12-12,0.0,0.3496705994809518,20,-0.1694512934242942,0.1996171932669767,14,0.0,0.2862096835280787,20,0.0,0.3145713368033425,20,0.1460564420924263,0.164806558017294,5
2016-12-19,0.0,0.3558137026875044,20,-0.1469950191613578,0.2215622759857713,20,0.0,0.3008942520343934,20,0.0,0.316166855864909,20,0.0,0.2382694024815008,7
2016-12-26,0.0,0.3578617937350198,20,-0.031736487315358,0.214080635972306,18,0.0,0.2606239109655368,19,0.0,0.2892299093576169,20,0.1480432943262324,0.1618451868249979,4
2017-01-02,0.0,0.3488752205732701,20,-0.0842919021312664,0.2198786996057685,20,0.0,0.2736485249255603,20,0.0,0.3063276604817566,20,0.0,0.2817153561422891,1
2017-01-09,0.0,0.3443143167553158,20,-0.3724085019293304,0.2275142174655753,17,0.0357942266272842,0.2099557505080571,16,0.0,0.3168805928222906,20,-0.0106982680219731,0.1701447623198071,9
2017-01-16,0.0,0.3639187470168036,20,-0.1503662497703507,0.2158892814087127,19,0.0,0.230737934046042,16,0.0,0.3221741600940063,20,0.0,0.2147009364027961,6
2017-01-23,0.0,0.3556534742075824,20,-0.2073481931839356,0.2146032867638958,20,0.0,0.2766831521176362,10,0.0,0.3015249098155016,20,0.1795385415931998,0.2337230278592184,4
2017-01-30,0.0,0.3447523568223677,20,-0.1773642776800978,0.182270395759861,16,0.0244900403700668,0.2558996751421004,19,0.0,0.2884042741957133,20,-0.0706631118256091,0.2089484244792161,6
2017-02-06,0.0,0.3460213320003019,20,-0.273273435741617,0.2162124450245286,19,-0.0171583682179188,0.2312501532860492,20,0.0,0.2920118022846861,20,-0.0847752813517038,0.2202950221269833,6
2017-02-13,0.0,0.3476100995527028,20,-0.1343875810915239,0.2307297525569011,20,0.0,0.2588737728290917,20,0.0,0.2620208025902245,20,0.0,0.2226921021561498,6
2017-02-20,0.0,0.3576549659264422,20,-0.1077734989741724,0.2020866339650134,20,0.0,0.2461192142866698,14,0.0,0.271240800015506,20,0.0,0.2496508472640317,6
2017-02-27,0.0,0.3539018079846528,20,-0.0644085085478965,0.1777785127183413,14,0.0,0.2560789852068934,20,0.0,0.2851572855741785,20,0.0,0.1466847467536958,2
2017-03-06,0.0,0.3425457788170658,20,-0.2384250461276476,0.2119304293665221,20,0.0442954839035734,0.2631447496866927,20,-0.0286976105899731,0.2612555641349641,20,-0.0685930768333496,0.1879757180908901,7
2017-03-13,0.0,0.3455633740539704,20,-0.1372730374575752,0.2259739305952438,20,0.0,0.2788165546624599,11,0.0,0.2882334101349806,20,0.0,0.1733899572780801,2
2017-03-20,0.0,0.3510470040974843,20,-0.1833089634367371,0.2078461966967499,14,0.0,0.2371129962615968,13,0.0,0.2907102512985477,20,0.0,0.2112918309589269,6
2017-03-27,0.0,0.35628510940641,20,-0.1668071777695328,0.2218083129722044,14,0.0,0.2306857212780282,15,0.0,0.2926315147047326,20,0.0,0.213227410877267,5
2017-04-03,0.0,0.3405486428977426,20,-0.2246078245296255,0.1872289767662851,20,0.0,0.2639332550433909,14,0.0,0.2864925910564861,20,0.0,0.226034236958864,3
2017-04-10,0.0,0.3431097061219469,20,-0.185617692159657,0.1974985275474083,14,0.0,0.2612989122457378,12,0.0,0.3062415729914534,20,0.0,0.0,0
2017-04-17,0.0,0.3507657292977974,20,-0.075408791991853,0.245590420648959,9,-0.0291087315919678,0.2743355129851195,18,0.0,0.3052097564864678,20,0.0,0.2068467318704467,8
2017-04-24,0.0,0.3567160307181117,20,-0.1338681727012547,0.1887159862769876,18,0.0,0.263340206663158,16,0.0,0.2998454136482545,20,0.0,0.1836532050221138,3
2017-05-01,0.0,0.3489659164843816,20,-0.2422579485849316,0.191339245725138,12,0.0,0.2027613625834177,14,0.0,0.3117756811804123,20,0.0,0.2737480571942932,2
2017-05-08,0.0,0.3470997546065973,20,-0.2112020245806432,0.2240948509451482,20,0.0321237787893787,0.223256652585295,19,0.0,0.3029191678293472,20,-0.1097182516971613,0.1753146363246709,4
2017-05-15,0.0,0.3461827467271732,20,-0.1798043789780614,0.2219848110355758,20,0.0,0.261576701167505,13,0.0,0.3164891814884684,20,0.0,0.186724551715182,5
2017-05-22,0.0,0.3479834426899981,20,-0.1206361085623259,0.2336679379663481,18,-0.0364414296937541,0.2351602047914985,13,0.0,0.2746130109984055,20,0.0,0.1825637393690125,4
2017-05-29,0.0,0.3501676096888261,20,-0.2888105091082873,0.2144095487264067,16,0.0,0.2950377171112358,16,0.0,0.3114960503145718,20,0.0,0.1893168835268197,4
2017-06-05,0.0,0.3452463905829895,20,-0.1597718072439842,0.2092075305574548,20,0.0,0.2596553823252236,12,0.0,0.2984182520389861,20,0.2130284935291635,0.242915681416559,3
2017-06-12,0.0,0.3499043422875667,20,-0.3241939626311385,0.2223120429688823,18,0.0,0.3065671818270642,13,0.0,0.294010475337109,20,0.0,0.2279931802575987,4
2017-06-19,0.0,0.350192557686836,20,-0.3255704030261144,0.2259628401240477,17,0.0,0.3072975275371458,20,0.0,0.3225543761088885,20,0.0,0.2572473320210218,4
2017-06-26,0.0,0.35112271208512,20,-0.2418655533752013,0.2186337763838993,13,0.0494337839045944,0.2649699651008265,16,0.0,0.3016412325332432,20,-0.1096082280706084,0.19191569509084,9
2017-07-03,0.0,0.3496893167287413,20,-0.1983325603581594,0.1878312701067561,16,-0.0151526962805458,0.2301964829407783,7,0.0,0.310500393211529,20,0.0,0.2133667082994591,5
2017-07-10,0.0,0.3504057353956201,20,-0.1085334233210812,0.1944417314891227,18,-0.0214023275715134,0.2580964899215121,20,0.0,0.3167413323842853,20,0.0,0.2147490889616,5
2017-07-17,0.0,0.3483890888087096,20,-0.0541619106323041,0.1933766588037117,11,0.0,0.206833905792541,11,0.0,0.2966984499222339,20,0.0,0.2236041260280995,5
2017-07-24,0.0,0.3458193898606707,20,-0.3478894271488743,0.1990901985823939,11,0.0792124537805053,0.2499152284166207,17,0.0,0.3307541457672796,20,-0.4533113457435205,0.1665077841729605,2
2017-07-31,0.0,0.3412430428368638,20,-0.1165163035995973,0.2039754058792271,18,0.0070493546589944,0.2281550685548487,18,0.0,0.3105458967239738,20,-0.0735149955914855,0.2516263692921051,7
2017-08-07,0.0,0.3336296945778036,20,-0.3789043964068313,0.2521090266531768,15,0.0,0.2711478065574798,11,0.0,0.2935749095083366,20,0.0,0.1763871965294929,3
2017-08-14,0.0,0.343704485420622,20,-0.3140858056054131,0.2182023087260149,11,0.0797338162955613,0.2427050732285927,9,0.0,0.296465394316998,20,-0.1304216197314931,0.1930299085797986,8
2017-08-21,0.0,0.3533455330099145,20,-0.1241611098559272,0.2171076771191522,15,0.0308883365511514,0.2437629512993748,16,0.0,0.2920168730199967,20,0.1990269209885379,0.2197318975937262,6
2017-08-28,0.0,0.3412367690867319,20,-0.257385359344206,0.2266613143647117,20,0.0765142395210396,0.254368288133237,16,0.0,0.2693883775272053,20,0.0,0.2221446601724626,4
2017-09-04,0.0,0.3457979910618151,20,-0.1529542148726628,0.222489870583489,9,0.0,0.2843523480947281,11,0.0,0.2880022641140276,20,0.0,0.1798542260115141,2
2017-09-11,0.0,0.3495241415332373,20,-0.2059073581158549,0.1963792111066787,14,0.0,0.2670624555201136,20,0.0,0.3001610479204048,20,0.0,0.2143395357306987,4
2017-09-18,0.0,0.3345218580307397,20,-0.2182039572537248,0.192965384526767,18,0.0823293571057562,0.2846813998939249,13,0.0,0.3048139791687528,20,0.0,0.1532997391031951,2
2017-09-25,0.0,0.3511577007465697,20,-0.1820735760889839,0.1933566564661718,13,0.0901350177910563,0.2414604268724955,15,0.0,0.2920101810244202,20,-0.072496208946262,0.1864415863826391,5
2017-10-02,0.0,0.346286885120374,20,-0.1579129854611574,0.2347842182942735,13,0.0839703543073611,0.2491546591262046,9,0.0,0.2898641195176843,20,0.0,0.3193711248624158,2
2017-10-09,0.0,0.3427639612291756,20,-0.2873185262426665,0.1960944253548729,19,0.0,0.2877628098034676,13,0.0,0.2746632937693729,20,0.0,0.2982146601636639,2
2017-10-16,0.0,0.3461421043591445,20,-0.1613626464199158,0.1985283276207347,16,0.0504708382226232,0.2734584569880648,13,0.0,0.3046605384827555,20,0.0,0.1784232576398867,4
2017-10-23,0.0,0.3423912568780531,20,-0.3841877182668839,0.1928643129820038,14,0.0152673046183006,0.2408959073513379,19,0.0,0.2711446828308145,20,-0.1941975337137094,0.2026394492988548,3
2017-10-30,0.0,0.3397880415474746,20,-0.0653865828740457,0.2147547889264648,14,0.0,0.2539216776141902,17,0.0,0.2968156672943477,20,0.0,0.2455097342629386,1
2017-11-06,0.0,0.3431682813192737,20,-0.138090146262751,0.1957248810969216,14,0.0200994577592243,0.241709735264895,18,0.0,0.2939290039217995,20,0.0,0.2690094329935935,3
2017-11-13,0.0,0.3427953264037833,20,-0.1471014522570601,0.207000196118791,14,0.0,0.2672432857095419,12,0.0,0.2736756568914236,20,0.0094987409708786,0.2518218408100097,3
2017-11-20,0.0,0.3410677833217947,20,-0.2141796686560295,0.2043794775215275,16,-0.0302112063576951,0.272261365418729,16,0.0,0.2325171010577071,20,0.6246240139007568,0.2394536271803886,1
2017-11-27,0.0,0.3480279162045462,20,-0.2201168373680851,0.2033579116949807,14,0.0,0.2414798218439401,13,0.0,0.2651032886851053,20,0.1844419743859382,0.1942596257661217,4
2017-12-04,0.0,0.3475166302661008,20,-0.3005009628305992,0.2152621880954987,14,0.0165579324243258,0.2668225841280325,13,0.0,0.3097486507932642,20,-0.1351304274746916,0.2251162515440334,4
2017-12-11,0.0,0.3357143715624229,20,-0.1734597125197428,0.2152080443590168,18,0.032386014543713,0.2485098796308753,15,0.0,0.292235174642925,20,0.0,0.2023337876621767,2
2017-12-18,0.0,0.3430983303142921,20,-0.2050784890388031,0.2210693330647565,11,0.0,0.2576369440495803,11,0.0,0.2810821525384607,20,0.0,0.1955937731857123,5
2017-12-25,0.0,0.3116010385178592,20,-0.1162211083743694,0.1701113424203461,7,0.0,0.2895095777257488,16,0.0,0.1971311749814438,20,0.0,0.1719212606507287,2
2018-01-01,0.0,0.3471969972038219,20,-0.0943474981535317,0.1718827792085977,14,0.0428944029487715,0.2351863957509799,10,-0.0278857909070821,0.2419737258510246,20,0.0,0.2084363651236042,5
2018-01-08,0.0,0.349414451600641,20,-0.1633769208927241,0.1863970615454624,9,0.0,0.2441020221021957,7,-0.0242765649332687,0.2521469229829672,20,-0.0895211293934208,0.2142048235297385,6
2018-01-15,0.0,0.3352592221018612,20,-0.2872147804323697,0.1921294911164388,15,0.0,0.2677598949706283,12,0.0,0.2619000626811887,20,0.0,0.248535525549141,4
2018-01-22,0.0,0.33892627310653,20,-0.2372218484305472,0.1653372977172053,10,0.0382467673181456,0.2699790725631274,12,0.0,0.2533494836916403,20,0.0,0.1871246011174254,8
2018-01-29,0.0,0.3444155570663161,20,-0.0920252337781757,0.2174023680807685,15,0.025389032254899,0.2509410023782715,10,-0.0282533211064757,0.2382928313340473,20,0.0,0.1931893702708501,3
2018-02-05,0.0,0.3345762247309659,20,-0.1407131627448652,0.1809023005627109,9,0.0,0.2791633928196896,7,0.0,0.2499911723862898,20,0.0,0.2463204754655521,3
2018-02-12,0.0,0.3376807020051961,20,-0.213297392395802,0.2023198566002148,13,0.0,0.255760330804093,5,-0.0330666793917841,0.242069340274204,20,0.0,0.0952198326904181,1
2018-02-19,0.0,0.3284116600777679,20,-0.2588388290428921,0.2168765241512714,6,-0.0648277437396887,0.2188252019486262,10,-0.0284636922267527,0.2371044110443458,20,0.0,0.1679792500958557,5
2018-02-26,0.0,0.3494704953183068,20,-0.3176236124356121,0.1738534598337884,13,0.0526808074217743,0.2407657844713509,11,-0.0269181514003954,0.2439647792861441,20,0.0,0.0,0
2018-03-05,0.0,0.3307444142550874,20,-0.0487320532183555,0.231065843215978,11,-0.0122831879116317,0.254852262607039,17,-0.0850561109913052,0.2336379007096204,20,0.3270770263795627,0.1699339941167578,3
2018-03-12,0.0,0.3303565091549824,20,-0.1455501823958416,0.2342627890152558,10,0.0610081407542693,0.2574702266829064,10,0.0,0.274293226463082,20,0.0,0.2011255790181905,2
2018-03-19,0.0,0.329932927702616,20,-0.3293913897855025,0.188203768920039,9,0.0,0.2337967592694067,5,-0.0317648257366452,0.2315558381087362,20,0.1853433460381908,0.2381842271455037,4
2018-03-26,0.0,0.336357275039176,20,-0.1523798477787971,0.1567681629056068,11,-0.0777830557726192,0.2141574801399576,11,0.0,0.2486148135557737,20,0.0,0.1779899198885606,2
2018-04-02,0.0,0.3242819758127122,20,-0.4121903382033418,0.1693720472107805,7,-0.070722201594079,0.2092734010606365,9,0.0,0.2406057798175608,20,0.0,0.1771348478046187,3
2018-04-09,0.0,0.3317736111745889,20,-0.3840218497111375,0.2037648421523429,12,0.0082013246027145,0.2510751572945913,12,-0.0417063363012743,0.2512584781274292,20,0.0,0.2433128482506443,4
2018-04-16,0.0,0.3255632482141769,20,-0.2552554529347709,0.1933538281338869,9,0.0,0.2146511505301631,8,0.0,0.2580429761534568,20,0.0,0.2064172658306886,6
2018-04-23,0.0,0.340826456445488,20,-0.0711723999488491,0.164044240565456,10,0.0,0.2379834483576373,14,0.0,0.2288177408250847,20,0.0,0.2031308210107873,5
2018-04-30,0.0,0.3367567722246797,20,-0.1278555773844965,0.1988378225708006,12,0.0,0.2211644453950182,8,-0.0253373232607585,0.2494959586161384,20,0.0,0.0,0
2018-05-07,0.0,0.3253960059974247,20,-0.1170543468446572,0.2447035760980554,5,0.0596386369194224,0.2376443784569007,13,0.0,0.23147603949082,20,0.0,0.2570105594536424,3
2018-05-14,0.0,0.3308923113690223,20,-0.1746142834328459,0.2126868158491831,15,0.0,0.2411652024454781,13,0.0,0.2499716420422664,20,0.0,0.1188741209596955,2
2018-05-21,0.0,0.3179532876806827,20,-0.3685467660937494,0.2151087666266223,9,0.0,0.2138287608983673,6,-0.0438870107879627,0.2255419408334504,20,-0.0725205381035094,0.2124500034871568,5
2018-05-28,0.0,0.2415584074589489,9,0.0,0.0,0,0.0,0.0,0,0.0,0.1656932303570144,3,0.0,0.0,0
2018-06-04,0.0,0.2651832839266408,7,0.0,0.2417469948765749,1,0.0,0.2846779706425426,2,-0.2890611899348785,0.1806574384790202,2,0.3009568853864841,0.225546045579307,2
2018-06-11,0.0,0.2556756313929877,12,0.0,0.1027876189648688,1,0.0,0.2648021971729566,2,0.0,0.0,0,0.0,0.0,0
2018-06-18,0.0,0.258363190650015,9,0.0,0.3494666227479985,1,0.0,0.2489368788891228,2,0.0,0.2493172855561454,1,0.0,0.0,0
2018-06-25,0.0779544494554619,0.2198998724626287,7,-0.2450774034927041,0.137152947972071,3,0.0,0.0,0,-0.2519181364525847,0.2026439263556385,2,0.0,0.0,0
2018-07-02,-0.0505661762886205,0.2287129505770675,10,0.0,0.3516289917555681,1,-0.4691149890422821,0.165730442942972,1,0.0,0.1458873596497127,2,0.0,0.0,0
2018-07-09,0.0,0.2211831453480606,14,0.0,0.2701638030815836,2,0.0,0.2155108663409635,1,-0.3189439665879487,0.2488564412953806,2,0.0,0.0969998033572778,1
2018-07-16,0.0,0.2009619805200023,8,0.0,0.0,0,0.0,0.0,0,0.0,0.1892493197156254,3,0.0,0.0,0
2018-07-23,-0.121118059598511,0.2105251624138659,4,0.0,0.1500578245172619,1,0.0,0.3394761342432453,1,0.0,0.0,0,0.0,0.0,0
2018-07-30,-0.0992149040727924,0.2723011176472752,5,0.0,0.0,0,0.0,0.235000881343339,1,-0.5843077898025513,0.1894729878409968,1,0.0,0.0,0
2018-08-06,0.0,0.2726316035604827,6,0.0,0.1904475929658513,1,0.0,0.0,0,0.0,0.1215115628711043,1,0.0,0.0,0
2018-08-13,0.0,0.2104890763378929,5,0.0,0.0,0,0.0,0.3114836077622271,1,0.0,0.2140234929422604,1,0.0,0.2190799671140215,1
2018-08-20,0.0,0.2124953239740225,5,0.0,0.2385068567271518,3,0.0,0.0,0,-0.1852425868508905,0.2464228025298709,3,0.0,0.0,0
2018-08-27,0.0,0.2145604156284344,5,0.0,0.0,0,0.5083015561103821,0.1941869788772532,1,-0.4888218343257904,0.1869868329314821,1,0.0,0.0,0
2018-09-03,0.204288139034876,0.2336914788136634,3,-0.2894459001793236,0.1147273133455684,3,0.0,0.0,0,-0.5665619955942267,0.1983226480605635,2,0.0,0.0,0
2018-09-10,0.0,0.2505440330953745,4,-0.6959515810012816,0.2266818314804908,1,0.0,0.158698778217925,1,-0.1048530048336499,0.2615639337507303,4,0.0,0.2713348741509325,1
2018-09-17,0.0,0.2334309528118479,11,0.0,0.2548735191725058,1,0.0,0.2729248984647618,1,-0.0624227741357383,0.1675789103752841,7,0.0,0.0,0
2018-09-24,-0.0805765119859267,0.1896399056044682,8,0.0,0.1763784411080555,2,0.0,0.2362005960421243,1,-0.1262066692484024,0.1771645429109241,5,0.0,0.0,0
2018-10-01,0.0,0.2580253332993176,8,0.0,0.1374487502731032,1,0.0,0.3001816454395154,1,-0.1468695316569874,0.1694580258999792,5,0.0,0.0,0
2018-10-08,0.0,0.2474762244858693,9,0.0,0.3529917842905057,1,0.0,0.0,0,0.0,0.2291669221497046,3,0.0,0.0,0
2018-10-15,-0.0296114881695373,0.1890405790858608,14,0.0,0.2673313575743847,1,0.0,0.2267898735696141,2,0.0,0.1865355648504743,3,0.0,0.1523188938140407,1
2018-10-22,0.0,0.1959341449638161,14,0.0,0.0,0,0.0,0.0,0,-0.142799183162235,0.2030236827216433,3,0.0,0.0,0
2018-10-29,0.0,0.2189429700083879,20,-0.5296538472175598,0.1634281042015786,1,0.0,0.1480889949076935,1,0.0,0.111320588821016,1,0.0,0.0,0
2018-11-05,0.0545883994742873,0.2319760454446695,14,0.0,0.3055953581729298,2,0.0,0.0,0,-0.139291062853461,0.2487834716408627,4,0.0,0.0,0
2018-11-12,0.0,0.2340875751416575,14,-0.6688358783721924,0.2124267877072867,1,0.0,0.2384128970578984,1,-0.2859696984211786,0.2020079497629005,5,0.0,0.2677100309244338,1
2018-11-19,0.0,0.226408663844526,17,-0.780351459980011,0.2557595145296076,1,0.0,0.0958311456407026,1,0.0,0.242583516889498,4,0.0,0.0,0
2018-11-26,0.0363081594610945,0.246207654549405,13,0.0,0.0,0,0.0,0.3711124399513608,1,-0.0110797796108166,0.2079566269038048,11,0.0,0.2395569787416036,1
2018-12-03,0.0343533001206486,0.2522095600378573,13,-0.1823152424837356,0.1454014837197435,5,0.0,0.3068901407493563,1,0.0,0.2482592141960262,2,0.0,0.2826548492566374,1
2018-12-10,-0.0319378950656303,0.2205330003951164,18,0.0,0.0,0,0.0,0.0,0,-0.1577764693900608,0.1630164853901738,6,0.0,0.0,0
2018-12-17,-0.0274989846631139,0.245834937354145,18,0.0,0.0,0,0.0,0.0,0,-0.4810529053211212,0.1583563511774901,1,0.0,0.2537765361407498,2
2018-12-24,0.0715191581721712,0.2304229855356518,17,0.0,0.0,0,0.0,0.0,0,0.0,0.1695351961032485,2,0.0,0.0,0
2019-01-07,0.0430911800425993,0.2157637670308092,14,0.0,0.0,0,0.0,0.1772209187839939,1,-0.1982976487800475,0.203642350146289,7,0.0,0.0,0
2019-01-14,0.0,0.1955442266356089,12,0.0,0.1867132943426614,4,0.0,0.0,0,-0.1401457554419821,0.2543997945971889,6,-0.5089283585548401,0.1906266319826741,1
2019-01-21,0.1246308804872448,0.233744046246171,19,-0.3060260529971031,0.172003177252046,2,0.0,0.1889870555900081,1,-0.250964894175567,0.1916934137803556,2,0.0,0.0,0
2019-01-28,0.055710049425425,0.2234990862280638,13,0.0,0.1173315068831755,1,0.0,0.0,0,-0.2843488117948248,0.1963046713611169,7,0.0,0.0,0
2019-02-04,0.0,0.2178562897790257,20,0.0,0.2909852220184774,1,0.0,0.2396173144406432,1,0.0,0.1965062664510508,2,0.0,0.3063255961332771,1
2019-02-11,0.0,0.2223030475729001,20,0.0,0.1196398017921751,1,0.0,0.0,0,-0.1477646908297063,0.2248570713628526,4,0.0,0.0,0
2019-02-18,0.0,0.2280279356665036,20,0.0,0.1714433797845469,1,0.0,0.0,0,0.0,0.2145265243571579,1,0.0,0.0,0
2019-02-25,0.0631817115821568,0.226942426121794,12,-0.8242210149765015,0.272760094677686,1,0.0,0.288666396636561,1,-0.2744888266299053,0.1974070106992806,3,0.0,0.0,0
2019-03-04,0.0,0.2241733746314974,17,0.0,0.0,0,0.0,0.0,0,-0.1190485051566286,0.2544860236317735,5,0.0,0.0,0
2019-03-11,0.0,0.2096541004227244,7,-0.7243486642837524,0.2515049997965768,1,0.0,0.3384233880632248,1,-0.2660404011134179,0.2362217198850663,3,0.0,0.0,0
2019-03-18,0.055094855298072,0.2356604832145797,13,0.0,0.0,0,0.0,0.0,0,0.0,0.1323576017268539,3,0.0,0.0,0
2019-03-25,0.0,0.2371546039981031,7,0.0,0.2172513245317677,2,0.0,0.3051892790771209,1,0.0,0.2260892068128397,4,0.0,0.0,0
2019-04-01,0.0805045646775387,0.2455892798724107,18,0.0,0.0,0,0.0,0.1213525787682128,1,0.0,0.1575210209167332,2,0.0,0.1361130894390783,1
2019-04-08,0.0,0.246241773134179,8,0.0,0.1837957341415119,1,0.0,0.225184467527356,1,-0.1388391073984524,0.1998846811700296,4,0.0,0.266314555411526,1
2019-04-15,0.1016152407052901,0.1960871838533264,8,0.0,0.0,0,0.0,0.0,0,0.0,0.3138991383787983,2,0.0,0.0,0
2019-04-22,0.0,0.1788713121785122,7,0.0,0.0,0,0.0,0.0,0,0.0,0.3172924300190942,1,0.0,0.0,0
2019-04-29,0.0,0.0,0,0.0,0.0,0,0.0,0.0,0,-0.6465308824813746,0.2577839168947493,2,0.0,0.0,0
2019-05-06,0.0815139712622004,0.2157778293434236,9,0.0,0.0,0,0.0,0.0,0,0.0,0.1698125439613302,4,0.0,0.157233476494695,1
2019-05-13,0.0,0.3189040585214175,3,0.0,0.0,0,0.0,0.0,0,-0.349274247044521,0.175481799078212,4,0.0,0.2101895089317658,1
2019-05-20,0.0,0.1786278073245748,4,0.0,0.2497472591107818,1,0.0,0.0,0,-0.0858969635456034,0.1853123173379671,5,0.0,0.0,0
2019-05-27,0.0470425792876735,0.1843091513860524,13,-0.6360636949539185,0.2742546647660155,1,0.0,0.3578763200465538,2,0.2280877608148581,0.2186754601785523,2,0.0,0.352187171302603,1
2019-06-03,-0.0590995856227782,0.1785810649956266,8,0.0,0.1135909209429915,1,0.0,0.0,0,-0.2309962927168961,0.1574727523501563,6,0.0,0.1203865771265526,1
2019-06-10,0.0715913012752156,0.2157665431212928,9,0.0,0.0,0,0.0,0.0,0,-0.5157416969938314,0.1861362770174599,2,0.0,0.0,0
2019-06-17,0.0,0.1640507801065209,7,0.0,0.0,0,0.0,0.0,0,0.0,0.203115640083956,2,0.0,0.0,0
2019-06-24,0.0,0.2268582593159568,8,0.0,0.0,0,0.0,0.0,0,-0.2311552426582271,0.2386678048687587,2,0.0,0.1411445577426278,1
2019-07-01,0.0,0.1820129335565363,8,0.0,0.0,0,0.0,0.0,0,-0.2456101294442776,0.1738598445353639,3,0.0,0.0,0
2019-07-08,0.0,0.2886607807159276,2,0.0,0.1462460258558744,1,0.0,0.0,0,0.0,0.143781431586446,3,0.0,0.0,0
2019-07-15,0.1635613094360031,0.2192992358077325,6,0.0,0.0,0,0.0,0.0,0,-0.1822437715388648,0.1652697793614237,3,0.0,0.0,0
2019-07-22,0.0,0.2630730562253897,3,0.0,0.0,0,0.0,0.3235231529331486,1,0.0,0.1900012276956486,1,0.0,0.0,0
2019-07-29,0.0405374357996928,0.2419271344788165,11,0.0,0.1298818667355661,1,0.0,0.0,0,0.0,0.1222150604846117,1,0.0,0.0,0
2019-08-05,0.0,0.2851382970379073,3,0.0,0.0,0,0.0,0.0,0,-0.6352931537567237,0.2136658504507504,2,0.0,0.1273220725363213,1
2019-08-12,0.1523303752899754,0.1991626768534713,4,0.0,0.0,0,0.0,0.0,0,-0.1062051476619201,0.2025811326902074,4,0.0,0.0,0
2019-08-19,0.0,0.2171507190592262,6,0.0,0.0,0,0.0,0.0,0,0.0,0.1388301125903973,3,0.0,0.0,0
2019-08-26,0.0,0.1947347334072491,6,-0.6025857925415039,0.1857836040845768,1,0.0,0.0,0,-0.4027186718234786,0.207156644273617,2,0.0,0.0,0
2019-09-02,0.0,0.157022595730093,4,0.0,0.0,0,0.0,0.0,0,-0.372438950587216,0.203330975699448,3,0.0,0.0,0
2019-09-09,0.0,0.1824061791546132,2,0.0,0.190017385325909,2,0.0,0.0,0,-0.3212050190919897,0.188356058990721,3,0.0,0.0,0
2019-09-16,0.0,0.1876406206585548,4,-0.5680869817733765,0.1746488595673057,1,0.6470251083374023,0.2361696084776099,1,0.0,0.1602076449544629,2,0.0,0.0,0
2019-09-23,0.0435779005866616,0.1961588842604754,13,-0.7633655071258545,0.2523528203738578,1,0.0,0.2300597428366657,1,0.0,0.1479445264499124,8,0.0,0.0,0
2019-09-30,-0.0359606664143118,0.232972735586094,10,0.0,0.0,0,0.0,0.0,0,0.0,0.2057735389603411,5,0.0,0.0,0
2019-10-07,0.0,0.1792364721527745,11,-0.578618984190592,0.2241352527211226,2,0.0,0.2045100486880668,2,-0.5647793140529482,0.2325554259793572,2,0.0,0.0,0
2019-10-14,0.0,0.2128835517834039,13,0.0,0.3098908151662822,1,0.0,0.215536334925078,2,0.0,0.2047323229386183,5,0.0,0.0,0
2019-10-21,0.0,0.2409487966077894,8,0.0,0.1357581920019228,1,0.0,0.2469807461821886,1,-0.1722833087316418,0.227966177463613,4,0.0,0.0,0
2019-10-28,-0.005542856878809,0.2138558520365278,19,0.0,0.0,0,0.0,0.2131906310004616,1,0.0,0.1370774006115231,3,0.0,0.0,0
2019-11-04,0.0548663933901881,0.2109356017371365,12,0.0,0.093091258779431,1,0.0,0.1265034970922478,1,-0.1424200997992647,0.2226774041948621,5,0.0,0.3653370766210884,1
2019-11-11,0.0,0.2346091801960178,14,0.0,0.0,0,0.0,0.0,0,-0.1596738068632129,0.1850343316737429,5,0.0,0.0,0
2019-11-18,0.0,0.2226770618918369,13,-0.7748613357543945,0.2454712665620491,1,0.0,0.2526700341032288,1,0.0,0.1972099141551535,4,0.0,0.0,0
2019-11-25,-0.0206904393640939,0.2269589532505331,20,0.0,0.1154875772297572,1,0.0,0.2340005506248559,1,-0.1059658324062513,0.2335420534634185,5,0.0,0.2734829202059989,2
2019-12-02,0.0,0.2201261474720892,15,-0.8395049571990967,0.2840842295366741,1,0.7000884413719177,0.3151397300839065,1,0.0,0.1813701765503603,3,0.0,0.0,0
2019-12-09,0.0,0.2292405153494584,14,0.0,0.1072654208819301,1,0.0,0.0,0,0.0,0.1665132987480824,2,0.0,0.2235720047998679,1
2019-12-16,0.0,0.2616952171609313,15,0.0,0.0,0,0.0,0.0852250224238782,1,0.0,0.2012399783328492,6,0.0,0.0,0
2019-12-23,-0.0217978417821785,0.2545545160272076,18,0.0,0.1270737479388657,1,0.0,0.0,0,0.0,0.2026300926517592,1,0.0,0.2253082280470231,1
2019-12-30,0.0,0.2379781926146075,12,-0.7616308331489563,0.3352237477334441,1,0.0,0.167977197111071,1,-0.1197800789148865,0.1753349228340196,5,0.0,0.0,0
2020-01-06,0.0,0.1971660140044571,8,0.0,0.0,0,0.0,0.0,0,0.0,0.2425011347430103,1,0.0,0.0,0
2020-01-13,0.0,0.2438240494463802,5,0.0,0.2122857243662324,1,0.0,0.0,0,0.0,0.1509081878645934,2,0.0,0.0,0
2020-01-20,0.0,0.2243873926736558,5,0.0,0.0,0,0.0,0.2488339696610353,1,0.0,0.1693090159386656,1,0.0,0.0,0
2020-01-27,0.0473562083392295,0.2196531695610237,8,0.0,0.0,0,0.0,0.0,0,0.0,0.1516377586515824,4,0.6152762770652771,0.2014374367074118,1
2020-02-03,0.0,0.2225227211780247,8,0.0,0.1873482148684253,2,0.0,0.0,0,0.0,0.1322797260452652,1,0.0,0.0,0
2020-02-10,0.0,0.1813092071454643,3,0.0,0.0,0,0.0,0.0,0,-0.1453232046661384,0.2173940106294651,5,0.0,0.0,0
2020-02-17,0.0,0.2481477225965823,8,0.0,0.3045860267516787,1,0.0,0.2945748047659151,1,0.0,0.238275596652436,3,0.0,0.0,0
2020-02-24,0.0788662021771098,0.227905915259005,10,0.0,0.0,0,0.0,0.0,0,0.0,0.1567268043304726,3,0.0,0.0,0
2020-03-02,0.0,0.256535282477659,7,0.0,0.0,0,0.0,0.0,0,0.0,0.132174376843924,4,0.0,0.0,0
2020-03-09,0.1537481786792537,0.1789827999506004,4,0.0,0.0,0,0.0,0.0,0,0.0,0.1849603364532637,3,0.0,0.1599086221611614,1
2020-03-16,0.0,0.2098884625544223,7,-0.3173825625484259,0.2531709064353125,2,0.0,0.242226552405345,1,-0.0939674727241966,0.1949538359958052,6,0.0,0.0,0
2020-03-23,0.0,0.2933622993251149,20,0.0,0.2534402498605175,2,0.0,0.0,0,0.0,0.175805881844729,5,0.0,0.0,0
2020-03-30,0.0,0.2918997730683862,19,0.0,0.0,0,0.0,0.3364278473081761,1,0.0,0.2243279033160835,5,0.0,0.0,0
2020-04-06,0.0,0.2448775085574012,17,0.0,0.0,0,0.0,0.3357534943638112,4,-0.1723010194866398,0.2295225266371012,4,0.0,0.0,0
2020-04-13,0.0241615272773451,0.2791815453640477,19,0.0,0.0,0,0.0,0.1843941727096858,2,-0.154977210545241,0.246916476475781,5,0.0,0.0,0
2020-04-20,0.0,0.2536050706713416,18,0.0,0.1299508803544107,1,0.0,0.2999402287259158,1,0.0,0.3247507023932089,3,0.0,0.0,0
2020-04-27,0.0,0.2631366993814991,18,-0.7956240177154541,0.2738936341112037,1,0.0,0.1871711365801189,1,-0.2237633148517592,0.2021866785291308,4,0.0,0.0,0
2020-05-04,-0.023249661313163,0.2547324335149723,18,-0.3353023716097386,0.2475681191519498,2,0.0,0.195948643058319,1,-0.3109477252736294,0.2561987814917299,4,0.0,0.2392406974180971,1
2020-05-11,0.0,0.2518670355661735,16,0.0,0.1728409452330139,2,0.0,0.3279908150280661,1,-0.2417949335361927,0.2943868680011713,3,0.0,0.0,0
2020-05-18,0.0163900523625118,0.2418179378895686,19,0.0,0.2229933087878102,2,0.0,0.0,0,-0.2335970507638112,0.1984285155942388,7,0.0,0.0,0
2020-05-25,0.0245055166601173,0.2687380630298088,14,0.0,0.0,0,0.0,0.2807835704402777,1,-0.0788281610568069,0.1696510220945894,9,0.0,0.0,0
2020-06-01,0.0,0.2574109941090988,11,0.0,0.0,0,0.0,0.0,0,0.0,0.1457066415975205,2,0.0,0.0,0
2020-06-08,0.0,0.2580356655338333,18,0.0,0.0,0,0.0,0.3175567138387549,1,0.0,0.1093151473939464,2,0.0,0.1220041587427473,1
2020-06-15,0.0,0.2197627632183021,16,0.0,0.0,0,0.0,0.3338016889376689,2,-0.4078830212477856,0.190025045199107,2,0.0,0.2345123332596301,1
2020-06-22,0.0,0.2335826653639908,12,0.0,0.2879208471282766,1,0.0,0.3404791756784107,1,0.0,0.2196469670749807,6,0.0,0.0,0
2020-06-29,0.0,0.2517073933007211,16,0.0,0.0,0,0.0,0.3503519181190029,1,-0.2628090712734294,0.1605824029597047,4,0.0,0.0,0
2020-07-06,0.0332718131838395,0.242419979544461,20,0.0,0.1280599397789457,2,0.0,0.0,0,-0.254950986421641,0.1669159260208923,5,0.0,0.0,0
2020-07-13,0.0307530137787325,0.2534705259109687,20,0.0,0.0,0,0.0,0.0,0,-0.1487665540157469,0.1987975374131245,3,0.0,0.1274932500017023,1
2020-07-20,0.0,0.2424265208630114,12,0.0,0.3190250092073157,1,0.0,0.0,0,-0.2536122378541054,0.1911890459862631,6,0.0,0.2871485002655323,1
2020-07-27,0.0,0.1897282075312032,10,0.0,0.0,0,0.0,0.148512828735436,2,-0.096819158268027,0.1898461259889165,11,0.0,0.074734722485779,1
2020-08-03,0.043185799368443,0.2251448647945895,17,-0.6438409090042114,0.2129366538976178,1,0.0,0.0,0,-0.1635730236209354,0.2106791093225085,5,0.0,0.0,0
2020-08-10,0.0,0.2044410536663591,12,0.0,0.0,0,0.0,0.1574281087398823,1,0.0,0.218252758926623,2,0.0,0.0,0
2020-08-17,0.0082394206219388,0.2759656470134222,16,0.0,0.2035653101412862,1,0.0,0.0,0,-0.1161043647857395,0.1952962852879881,5,0.0,0.0,0
2020-08-24,0.0,0.2594618088287675,12,0.0,0.0,0,0.0,0.1934509528583792,1,-0.1847743630633704,0.2711981623551747,4,0.0,0.0,0
2020-08-31,0.0,0.2473717459696121,14,0.0,0.0,0,0.0,0.0,0,-0.2579885095090289,0.2288172291036575,5,0.0,0.0,0
2020-09-07,0.0,0.2242183108754322,17,0.0,0.1393595219986139,1,0.0,0.0,0,0.0,0.2051274299644347,2,0.0,0.0,0
2020-09-14,-0.0005279578678053,0.27988328179174,9,0.0,0.1813184928581961,1,0.0,0.2636585338888721,1,0.0,0.2237034141630036,4,0.0,0.0,0
2020-09-21,0.0232854340273824,0.2650969207125067,18,-0.6277287602424622,0.1913605571676626,1,0.0,0.2652649647118181,1,0.0,0.2518998286805711,2,0.0,0.0,0
2020-09-28,0.0202508745433209,0.2592397936823475,15,0.0,0.2321639689687025,1,0.0,0.0,0,-0.2812425597551615,0.2116207826797478,7,0.0,0.0,0
2020-10-05,-0.0419614322287028,0.2160776228140384,14,-0.4991267621517181,0.1776721132636805,1,0.0,0.0,0,0.0,0.1863708798876558,7,0.0,0.2483038686165031,1
2020-10-12,0.0645413843533391,0.2559957067809228,17,-0.3439498767548198,0.1994012906651088,2,0.0,0.0,0,0.0,0.2033723161331272,3,0.0,0.0,0
2020-10-19,0.0,0.1970447814701123,15,0.0,0.0,0,0.0,0.0,0,-0.1244115390470373,0.2117046186073072,4,0.0,0.0,0
2020-10-26,0.0,0.2561872542927084,17,0.0,0.1919034322506263,1,0.0,0.0,0,0.0,0.2352300034419912,2,0.0,0.0,0
2020-11-02,0.0,0.2190898734846958,20,0.0,0.1594512596276418,1,0.0,0.0,0,0.0,0.3146459255255009,3,0.0,0.0,0
2020-11-09,0.0,0.209424272713255,18,0.0,0.0,0,0.0,0.0,0,-0.1726292580702834,0.1322697406302562,4,0.0,0.0,0
2020-11-16,0.0,0.2518077585132537,18,0.0,0.1292635648019917,1,0.0,0.1534567299969804,1,0.0,0.0,0,0.0,0.0,0
2020-11-23,0.0,0.2218199677442519,14,0.0,0.0,0,0.0,0.0,0,0.0,0.1879378799465219,4,0.0,0.0,0
2020-11-30,0.0522847788235729,0.2310308051256726,16,0.0,0.0,0,0.0,0.0,0,-0.1145445476239181,0.1919120252237244,5,0.0,0.0,0
2020-12-07,0.0,0.2336846483654359,17,0.0,0.0,0,0.0,0.3227489172588953,1,-0.3150264651721034,0.1683208616588765,3,0.0,0.0,0
2020-12-14,-0.0335503022111675,0.2554111985760003,18,0.0,0.0,0,0.4983983933925628,0.250306341631612,1,0.0,0.1333604718123078,4,0.0,0.0,0
2020-12-21,-0.0255034201094371,0.2345832240676955,16,0.0,0.0,0,0.0,0.0,0,-0.2347478880071106,0.2534584905782466,2,0.0,0.0,0
2020-12-28,0.0292165240106344,0.2120897133855832,16,-0.5630687653419985,0.2308250668023852,2,0.0,0.2265098866799656,3,-0.1264175659186437,0.162621017345951,4,0.0,0.0,0
2021-01-04,0.0,0.2438630532686719,18,0.0,0.1715243495976981,3,-0.6371753215789795,0.2044699171467243,1,0.0,0.2515311991478235,3,0.0,0.0,0
2021-01-04,0.0,0.1784455580283147,7,0.0,0.0,0,0.0,0.2879234290656285,1,-0.0990085821643738,0.1859077407201554,7,0.0,0.0,0
2021-01-11,-0.0340459144144802,0.2190539964539725,16,0.0,0.0,0,0.0,0.0,0,-0.3471420632937813,0.1208596113293101,2,0.0,0.0,0
2021-01-18,0.0,0.2016822097519052,12,-0.8397902846336365,0.2541026422406531,1,0.0,0.0,0,0.0,0.13916005866181,1,0.0,0.0,0
2021-01-25,0.0692754157255152,0.2321526174335095,13,0.0,0.2228824626116221,1,0.0,0.0,0,-0.1304711725990469,0.1398924452751941,6,0.0,0.0,0
2021-02-01,0.0,0.2097625586373494,6,0.0,0.1443792006629025,2,0.0,0.1536751697502403,1,0.0,0.2302910623418914,6,0.0,0.0,0
2021-02-08,0.0,0.2574117780445379,4,0.0,0.0,0,0.0,0.0,0,-0.172575465219298,0.1618387963141433,6,0.0,0.0,0
2021-02-15,0.3718337451539501,0.2226417619361023,3,0.0,0.2694705307951039,1,0.0,0.0,0,-0.3750301907783139,0.1531959050149147,2,0.0,0.0,0
2021-02-22,0.0,0.2274943535041253,3,0.0,0.1693632240231437,1,0.0,0.0,0,0.0,0.2041841021733226,5,-0.5256719589233398,0.2058621695892952,1
2021-03-01,0.1284875345570048,0.2743520304059473,5,-0.498626559972763,0.201370301127306,1,0.0,0.0,0,-0.2801881431424937,0.1792337292583804,3,0.0,0.0,0
2021-03-08,0.1022932519849945,0.2937897263056601,6,0.0,0.0,0,0.0,0.0,0,-0.2547426683597347,0.2054286029198619,2,0.0,0.0,0
2021-03-15,0.0,0.1781552869015383,4,0.0,0.0,0,0.0,0.0,0,-0.7403088741585531,0.243569588129036,2,0.0,0.0,0
2021-03-22,0.0,0.1977128252375228,6,-0.5919213844327347,0.2069527843873757,2,0.0,0.1458270930272882,2,0.0,0.1891318669204746,2,0.0,0.0,0
2021-03-29,0.0599942512664854,0.2363118647021864,11,0.0,0.0,0,0.0,0.0,0,-0.1811664829918185,0.1475457629096885,7,0.0,0.0,0
2021-04-05,0.0,0.2379066056155026,12,0.0,0.2210419441805236,2,0.0,0.1165300647686287,1,0.0,0.1479421723575393,5,0.0,0.0,0
2021-04-12,0.0,0.2626078297657162,11,0.0,0.2244040697664502,1,0.0,0.2173381246958063,2,-0.096236106993354,0.2130514168294022,9,0.0,0.0,0
2021-04-19,0.050588197909984,0.2330984754780078,15,-0.4227586646308022,0.2441906871804597,2,0.0,0.0,0,0.0,0.1937956355117016,3,0.0,0.0,0
2021-04-26,0.028606987225628,0.2411648154460248,16,0.0,0.0,0,0.0,0.0,0,-0.1829188449324202,0.2150964398943437,7,0.0,0.0,0
2021-05-03,0.1443811669024716,0.2288164405994627,11,0.0,0.0,0,0.0,0.0,0,0.0,0.0,0,0.0,0.0,0
2021-05-10,0.1025130434590246,0.2361275788878443,13,-0.6766769886016846,0.2897194732756887,1,0.0,0.0,0,0.0,0.1847177268719413,4,0.0,0.0,0
2021-05-17,0.0,0.2155725051765715,9,-0.596398115158081,0.2571496783573934,1,0.0,0.0,0,0.0,0.2040299575462922,4,0.0,0.0,0
2021-05-24,0.0,0.2567420982982038,8,0.0,0.1552643266613032,1,0.0,0.3246055509508814,1,-0.2671841910688303,0.1553418933316546,5,0.0,0.190555234446677,1
2021-05-31,0.0,0.1922203824765912,15,0.0,0.2426489693238984,1,-0.5054476857185364,0.2443814875566019,1,-0.2056824435167268,0.1949162048191028,3,0.0,0.0,0
2021-06-07,-0.0356404524631937,0.1995754005184012,16,0.0,0.0,0,0.0,0.0,0,0.0,0.1668725792543242,1,0.0,0.0,0
2021-06-14,0.2358709099303605,0.2430255322432169,11,0.0,0.168294488934837,1,0.0,0.0,0,0.0,0.168684891120773,4,0.0,0.123479010242633,1
2021-06-21,0.0899255121703106,0.2363463722883874,12,0.0,0.1985211723247495,1,0.0,0.0,0,-0.219435892437389,0.2337415448607078,4,0.0,0.0,0
2021-06-28,0.0795238225407807,0.2232285603957024,7,-0.4815224766720077,0.1746804998244817,3,0.0,0.3478439931234334,1,-0.2774749319201655,0.2227838361513079,5,0.0,0.0,0
2021-07-05,0.0,0.234042563555206,12,0.0,0.0,0,0.0,0.1827443351622548,1,-0.2642044966914008,0.2008471701726799,4,0.0,0.0,0
2021-07-12,0.0,0.2262453840111808,10,0.0,0.1619639681971918,2,0.0,0.3586069562708545,1,0.0,0.1654419211622063,5,0.0,0.1555151650918915,1
2021-07-19,0.0756760996847102,0.210417272035887,14,0.0,0.1179642652309658,1,0.0,0.0,0,-0.0820668697323427,0.1738377330559313,7,0.0,0.0,0
2021-07-26,0.018027182163028,0.2107329351175126,16,0.0,0.0,0,0.0,0.0,0,0.0,0.2288019225024351,5,0.0,0.0,0
2021-08-02,0.0,0.23906684610914,19,0.0,0.139793928978122,1,0.0,0.0,0,0.0,0.133358610682191,3,0.0,0.2969716826105184,1
2021-08-09,0.0,0.2436443960456875,13,0.0,0.2157681127087363,2,0.0,0.3093493206362652,2,0.0,0.2893046682709492,2,0.0,0.0,0
2021-08-16,0.0,0.2001791145604688,8,-0.5328231453895569,0.2529850278671439,1,0.0,0.0,0,0.0,0.2461337861338201,5,0.0,0.0,0
2021-08-23,0.0,0.2224590527645969,12,0.0,0.2235567923332766,1,0.0,0.117673010283454,1,0.0,0.1890039393095084,4,0.0,0.0,0
2021-08-30,0.0645171919579491,0.2422544396175103,8,-0.3829543737559962,0.1379800346566009,2,0.0,0.0,0,-0.1168181569673073,0.2663334909764847,4,0.0,0.0,0
2021-09-06,0.0,0.2329192086026276,10,0.0,0.0,0,0.0,0.0,0,-0.1459890462277674,0.211035373228959,5,0.0,0.0,0
2021-09-13,0.0687412618692271,0.2342157906908802,17,0.0,0.1557077944836956,3,0.0,0.1332970292419943,1,0.0,0.0,0,0.0,0.2377411764030483,1
2021-09-20,0.0,0.2477892190938133,13,0.0,0.0,0,0.0,0.2797995018024966,2,-0.3437612762279534,0.2091692433188869,4,0.0,0.23436026274622,1
2021-09-27,0.0,0.2163416167066878,17,0.0,0.1280330942336185,2,0.0,0.1950014862202786,1,0.0,0.2177350057995131,5,0.0,0.3033541023357955,1
2021-10-04,0.0391785647913595,0.2780103181413708,12,-0.2015022102435683,0.2067768323896093,3,0.0,0.0,0,-0.1660729611840146,0.237663198464643,8,0.0,0.0,0
2021-10-11,0.0,0.2303527600252661,18,0.0,0.1145781899365374,1,0.0,0.2358667523062081,1,-0.6328728020572406,0.2137639362651349,2,0.0,0.0,0
2021-10-18,0.0,0.2634586022045523,20,-0.5202340483665466,0.2435165250849547,1,0.0,0.0,0,0.0,0.0,0,0.0,0.1569128727514162,1
2021-10-25,0.0,0.2583068669341885,13,-0.2387162459804383,0.196113310090511,2,0.0,0.0,0,0.0,0.2192496745772167,5,0.0,0.0,0
2021-11-01,0.0,0.2605683600786031,14,0.0,0.0,0,0.0,0.0,0,-0.1457681639499664,0.1406037025002172,5,0.0,0.0,0
2021-11-08,0.0,0.2125811652154484,10,0.0,0.0,0,0.0,0.0,0,0.0,0.1440347728584079,2,0.0,0.0,0
2021-11-15,0.2632802520880085,0.1976133788567434,9,0.0,0.09320033517759,2,0.0,0.0,0,0.0,0.1718091712636964,4,0.0,0.0,0
2021-11-22,0.0,0.1841049060517399,7,0.0,0.1010131086507826,1,0.0,0.0,0,0.0,0.1608896167804363,4,0.0,0.1402411015633546,1
2021-11-29,0.020292668279859,0.2255975029829605,10,0.0,0.0,0,0.0,0.3260647153775675,1,-0.1121107633720532,0.1921189572819625,6,0.0,0.0,0
2021-12-06,0.0,0.1778838549842621,7,0.0,0.1982311351014933,3,0.0,0.0,0,-0.0831716874558364,0.1862605617268588,7,0.0,0.0,0
2021-12-13,0.0743869775268138,0.2500085121326815,10,-0.2369439964172171,0.1851309789154864,2,0.0,0.1405847081891913,1,-0.1243038085441843,0.1922700205293116,5,0.0,0.0,0
2021-12-20,0.0301330602311545,0.238096837559359,14,0.0,0.0,0,0.0,0.2457975824935889,2,0.0,0.1178865886584204,3,0.0,0.0,0
2021-12-27,0.0,0.2891996717195738,11,-0.6361112594604492,0.2285411560557975,1,0.0,0.3261761102936589,1,0.0,0.2075712279914192,4,0.0,0.1554966375182509,1
2022-01-03,0.0,0.1997299141749587,9,0.0,0.0,0,0.0,0.0,0,0.0,0.1695851716467235,5,0.0,0.0,0
2022-01-10,0.0,0.1960204418067425,8,0.0,0.165823533083377,2,0.5829024910926819,0.2063368341547828,1,-0.0917925663035506,0.2033161802255631,6,0.0,0.0,0
2022-01-17,0.0,0.2286352492649674,11,0.0,0.0,0,0.0,0.291702505765361,1,0.0,0.1621036338826993,2,0.0,0.0,0
2022-01-24,-0.0780448042899304,0.2520824716666635,15,0.0,0.0,0,0.0,0.3220669317472051,1,0.0,0.199443541796001,4,0.0,0.0,0
2022-01-31,0.0,0.1931014450854951,9,0.0,0.0,0,0.0,0.33272559531094,1,-0.0713727588708753,0.2724029305731321,5,0.0,0.0,0
2022-02-07,0.0380486575097446,0.2348006276326748,14,0.0,0.0,0,0.0,0.3294195878905945,1,-0.180376785919235,0.25097634612433,3,0.0,0.0,0
2022-02-14,0.0,0.2215571204779985,5,0.0,0.0,0,0.0,0.0,0,0.0,0.0,0,0.0,0.2005062104014321,1
2022-02-21,0.0,0.2182260826194729,6,0.0,0.0,0,0.0,0.0,0,0.0,0.157378896951865,5,0.0,0.2434047618045198,1
2022-02-28,-0.0494762525150635,0.2131172459614833,9,0.0,0.0,0,0.0,0.0864829751422346,1,0.0,0.1986790551103615,3,0.0,0.0,0
2022-03-07,0.0,0.2643973403416524,2,0.0,0.0,0,0.0,0.0,0,0.0,0.1451877262729866,1,0.0,0.0,0
2022-03-14,0.0,0.1448374562729965,4,0.0,0.0,0,0.0,0.0,0,-0.0026641950869913,0.225108179034644,8,0.0,0.0,0
2022-03-21,0.0407528590401981,0.2136724647503075,13,0.0,0.0,0,0.0,0.0,0,-0.1745083074294174,0.1828681656759313,3,0.0,0.0,0
2022-03-28,0.0,0.2477639181540172,10,0.0,0.1227558238838799,1,0.0,0.0,0,0.0,0.2673859447540021,3,0.0,0.0,0
2022-04-04,0.0,0.218379528494032,12,0.0,0.0,0,0.0,0.2279268391481146,1,0.0,0.2135836933999471,2,0.0,0.0,0
2022-04-11,0.0,0.2174597525106228,9,0.0,0.0,0,0.0,0.0,0,0.0,0.1977073175932776,5,0.0,0.0,0
2022-04-18,0.1604962064579406,0.2169416342272949,6,0.0,0.1334512748077543,1,0.0,0.2828070012254748,1,0.0162441906862899,0.1649788684922792,4,0.0,0.2749570342519263,2
2022-04-25,0.0,0.2193786566074258,8,0.0,0.1607638455885123,2,0.0,0.0,0,0.0,0.0,0,0.0,0.1300743703720783,1
2022-05-02,0.0,0.235043312932272,12,0.0,0.0,0,0.0,0.0,0,0.0,0.1200572154638575,3,0.0,0.0,0
2022-05-09,0.0,0.1693007785325901,9,-0.3836409801754827,0.2069475250482346,2,0.0,0.0,0,-0.608776330947876,0.1946892949493133,1,0.0,0.0,0
2022-05-16,0.0387023960935967,0.224803044856184,13,0.0,0.1412946411222115,1,0.0,0.2635498059928854,3,-0.1047809249387288,0.1828461839493922,5,0.0,0.0,0
2022-05-23,0.0,0.2083718370053727,11,0.0,0.1644797139573661,1,0.0,0.0,0,0.0,0.1292825114781483,3,0.0,0.0,0
2022-05-30,0.0,0.2266508721479989,16,0.0,0.1744289128329512,1,0.0,0.0,0,0.0,0.1724538170018261,2,0.0,0.2350261385760887,1
2022-06-06,0.0,0.2510157709849217,16,0.0,0.0,0,0.0,0.3284814320912019,1,-0.5847132802009583,0.187249760515014,1,0.0,0.0,0
2022-06-13,0.0633063680488895,0.2217795467541088,13,0.0,0.1279623883403005,1,0.0,0.2910223561889467,2,-0.2356783642220838,0.1640132175043458,3,0.0,0.0,0
2022-06-20,0.0,0.2618222575285354,14,0.0,0.0,0,0.0,0.0,0,-0.3091155460825575,0.1900499778982028,3,0.0,0.3489856188244502,1
2022-06-27,0.0,0.21413879378532,7,0.0,0.2255165872449644,1,0.0,0.2521083961349148,1,-0.5802996754646301,0.247301534535552,1,0.0,0.0,0
2022-07-04,0.0,0.2416166433479651,11,0.0,0.0,0,0.0,0.0,0,0.0,0.1317890531777212,2,0.0,0.0,0
2022-07-11,-0.0048760191431411,0.247638522011058,12,-0.2377464869187609,0.2312671852089804,2,0.0,0.2398012577651282,2,-0.2833049220876975,0.1464216957996083,4,0.0,0.0,0
2022-07-18,0.0907253437587159,0.2618846631937875,8,0.0,0.2046216220432803,1,0.0,0.0,0,-0.3803956902360659,0.1624808727511937,4,0.0,0.0,0
2022-07-25,0.0,0.2297786328899441,9,0.0,0.2073611731096463,1,0.0,0.0,0,0.0,0.2093772814926326,2,0.0,0.0,0
2022-08-01,0.0,0.2390085545839547,11,0.0,0.0,0,0.0,0.0,0,-0.3961007339658834,0.2260394413776225,4,0.0,0.1161435240819344,1
2022-08-08,0.0884348331778073,0.221749254833436,9,-0.6159690022468567,0.2293382375355968,1,0.5714941024780273,0.2518826720275058,1,-0.115050605207271,0.1899889863609676,4,0.0,0.0,0
2022-08-15,0.0,0.2340207554685839,9,0.0,0.0,0,0.0,0.0,0,0.0,0.1836079961937027,8,0.0,0.0,0
2022-08-22,0.0,0.1979239184868518,7,0.0,0.0,0,0.0,0.2750225561571637,2,0.0,0.1961516842674807,5,0.0,0.1632570448788186,1
2022-08-29,-0.040300378472871,0.2208066399616817,10,0.0,0.0,0,0.0,0.0,0,-0.0942573086047455,0.2238737698600178,7,0.0,0.0,0
2022-09-05,0.0627905030445763,0.1933926313812842,10,0.0,0.2577644210138263,1,0.0,0.1760453941129176,2,-0.3339980102344743,0.1927678780608133,2,0.0,0.0,0
2022-09-12,0.0,0.224899331598318,16,-0.836581618621848,0.2778258605967902,2,0.0,0.1905798126692772,1,0.0,0.094952858012645,1,0.0,0.2040449054606377,2
2022-09-19,0.0,0.2643815190094803,6,0.0,0.0,0,0.0,0.0,0,0.0,0.199506470710982,3,0.0,0.0,0
